-- phpMyAdmin SQL Dump
-- version 5.2.1
-- https://www.phpmyadmin.net/
--
-- 主機： 127.0.0.1
-- 產生時間： 2024-05-15 13:53:37
-- 伺服器版本： 10.4.32-MariaDB
-- PHP 版本： 8.0.30

SET SQL_MODE = "NO_AUTO_VALUE_ON_ZERO";
START TRANSACTION;
SET time_zone = "+00:00";


/*!40101 SET @OLD_CHARACTER_SET_CLIENT=@@CHARACTER_SET_CLIENT */;
/*!40101 SET @OLD_CHARACTER_SET_RESULTS=@@CHARACTER_SET_RESULTS */;
/*!40101 SET @OLD_COLLATION_CONNECTION=@@COLLATION_CONNECTION */;
/*!40101 SET NAMES utf8mb4 */;

--
-- 資料庫： `midterm_project`
--

-- --------------------------------------------------------

--
-- 資料表結構 `article`
--

CREATE TABLE `article` (
  `id` int(6) UNSIGNED NOT NULL,
  `date` date NOT NULL,
  `cover` varchar(50) CHARACTER SET utf8mb4 COLLATE utf8mb4_unicode_ci NOT NULL,
  `title` varchar(50) CHARACTER SET utf8mb4 COLLATE utf8mb4_unicode_ci NOT NULL,
  `content` varchar(200) CHARACTER SET utf8mb4 COLLATE utf8mb4_unicode_ci NOT NULL,
  `description` varchar(3000) CHARACTER SET utf8mb4 COLLATE utf8mb4_unicode_ci NOT NULL,
  `update` datetime NOT NULL,
  `tag` varchar(50) CHARACTER SET utf8mb4 COLLATE utf8mb4_unicode_ci NOT NULL,
  `user_id` int(6) UNSIGNED NOT NULL,
  `valid` int(4) UNSIGNED NOT NULL,
  `category_id` int(4) NOT NULL,
  `img_id` int(4) NOT NULL
) ENGINE=InnoDB DEFAULT CHARSET=utf8mb4 COLLATE=utf8mb4_general_ci;

--
-- 傾印資料表的資料 `article`
--

INSERT INTO `article` (`id`, `date`, `cover`, `title`, `content`, `description`, `update`, `tag`, `user_id`, `valid`, `category_id`, `img_id`) VALUES
(1, '2024-01-11', '1', '2023帶狀課程圓滿結束', '時光飛逝，2023年快到尾聲，這一期的帶狀課程也要結束了。同學們學會做瓶中花園，老師也學會怎麼做出好吃的磅蛋糕。\n感謝同學百忙中抽空來上課，連續10個禮拜真的不容易，在匆匆進門時能聽到“來喝杯茶，吃個蛋糕”，洗滌一身疲憊，是真心的接待。\n訶梨勒是藥師佛手持藥草，象徵無比的祝福。訶梨勒藥草茶來自喜馬拉雅山2000公尺的高度，也是珍稀無比的存在。藥草的愛全程陪伴我們上完這一期的課程，帶入植   ', '1', '2024-02-02 14:29:00', '課程 \n有趣', 1, 1, 1, 0),
(2, '2024-01-12', '', '日常分享', '早上天氣很好，但下午好像要變濕冷\n了，除草工作告一段落玩玩稼接，騎\n車去路邊剪了幾支紅色朱槿枝條，很仔細挑選常見的大紅花品種，砧木有4株都是橘黃色的，最大株接了3支，中等的接了1支紅花和1支裂瓣，另外2株小的各皮接1支裂瓣，陽光不大就只套夾鏈袋防雨，不知道能成功幾支? ', '', '2024-01-12 03:21:35', '分享\n心得\n種植', 3, 1, 2, 1),
(3, '2024-01-13', '', '請教我種植櫛瓜的方法', '請教各位大大\r\n第一次種節瓜，已經種植兩個半月，肥也施了，葉子長了很漂亮，該去除的葉子也去了，為何生長的節瓜都不到巴掌大， 請各位大大指導              ', '', '2024-01-13 14:06:01', '櫛瓜\n種植\n方法\n詢問', 6, 1, 4, 2),
(4, '2024-01-14', '', '種植物讓人心情愉悅？心理師：\n花在植物上的時間，最後都會滋養自己', '心理師書賢說，其實不論是對待個案，或是對待自己，都是一樣的。我們願意花在花草上的時間、以及花在自己身上的時間，也會成為我們自己生命當中的滋養。\n從我略懂略懂一點點的園藝治療來說，幫植物換盆的過程，雖然工程浩大，但某種程度上面也是在換置你的心靈存放的地方。\n比方說，你已經在一個地方住了很久、或已經在一段關係裡面受困很長的時間，你很害怕如果移動或離開了這個地方，你某一部分的自己也會跟著剝離。', '', '2024-01-14 21:47:07', '文章\n分享\n愉悅', 1, 1, 1, 0),
(5, '2024-01-15', '', '詢問', '請問各位大大 蓮霧樹的樹葉為什麼會這樣子呢？該如何處理？謝謝大家', '', '2024-01-15 23:17:59', '詢問\n方法\n種植', 5, 1, 4, 3),
(6, '2024-01-16', '', '滿滿成就感的育苗移植~', '自己育苗移植3個月時間總算等到採用\n滿心歡喜又成就感滿滿的', '', '2024-01-16 15:31:00', '心得\n分享\n種植\n成就感', 10, 1, 2, 4),
(7, '2024-01-17', '', '近期分享~', '再次和大家分享一下新種的一批菜~', '', '2024-01-17 10:33:42', '分享\n', 15, 1, 2, 5),
(8, '2024-01-18', '', '繡球花問題詢問', '想請教大家 今天繡球花枝幹出現黑點 請問有解決方法嗎 謝謝大家', '', '2024-01-18 04:39:09', '問題\n繡球花', 8, 1, 4, 6),
(9, '2024-01-19', '', '六指山藥真神奇~', '我種出了六指山藥！太新奇了!', '', '2024-01-19 06:01:09', '山藥\n新奇\n有趣', 2, 1, 3, 7),
(10, '2024-01-20', '', '微造景課程的放鬆時光', '走入山林。\n微造景課程的同學難得一起走入山林，看群山翠綠有如貼上青苔，河水清澈像環氧樹脂，走在小路蜿蜒，呼吸新鮮空氣，聽蟲鳴鳥叫，心靈採集滿滿的自然景觀帶回瓶中造景。\n真是太開心了！', '', '2024-01-20 20:52:33', '課程\n分享\n心得', 9, 1, 3, 8),
(11, '2024-01-21', '', '番茄大豐收!!!', '今年的蕃茄好種\n最多的一串竟有六十多粒，太給力了', '', '2024-01-21 19:03:01', '心得\n種植', 10, 1, 2, 9),
(12, '2024-01-22', '', '日常分享-在舒服的天氣種植', '舒適的陰涼天氣，把開花的芫荽挖掉，想原\n地再重新播種一次，意外發現紅?菜開花，\n第一次看到花型還不錯~就把枝條剪一些直接阡插，芫荽另外地方播種，紅蘿蔔、波菜、也都再種一次', '', '2024-01-22 19:20:30', '分享\n種植\n蔬菜', 3, 1, 2, 10),
(13, '2024-01-23', '', '室內植栽流行，網美植物身\n價翻倍', '從他們養成綠手指及居家布置經驗中，能一窺這一波植栽流行與過去的不同，象徵植物對人們生活角色的變化。\n首先種植地點，過去大家會認為，植物要養在室外才種得好，因此「園藝」盛行，居家環境，好像也只能種植在陽台。\n不過現在，室內植栽大行其道，除了因疫情宅家時間大幅提高，為了培養在家也能從事的興趣，居家種植成為流行；也因現代人對生活品質愈加要求，兼具美感與養生的植物，是最快帶療癒的大自然進門的方法。\n第二，', '', '2024-01-23 01:28:22', '文章\n分享\n室內植栽', 1, 1, 1, 11),
(14, '2024-01-24', '', '詢問山竺葵種植方式', '10天前買了盆山竺葵\n這兩天發現葉子開始黃葉\n想詢問可以如何照顧？', '', '2024-01-24 18:32:55', '詢問\n山竺葵\n方法', 2, 1, 4, 12),
(15, '2024-01-25', '', '稼接心得分享', '早上又變冷了，先把白蘿蔔大梅花 挖出1壟改種紅蘿蔔，之後就巡園 看看有什麼花開了，梅、桃，榕芭樂、酪梨?其中比較特殊的是朱槿，母株是橘?色的，我給他稼接紅色朱槿，本來也是開紅色朱槿，但今天卻發現花裂開了，沒有看過這樣的花朵，而且有1朵顏色橘色帶紅色裂開，是不是變種了？還是只是氣候變化而已', '', '2024-01-25 17:03:46', '心得\n分享\n稼接', 15, 1, 2, 13),
(16, '2024-01-26', '', '我種的釋迦破紀錄拉!!', '土種釋迦大到一斤4兩．破去年一斤一的記錄了????', '', '2024-01-26 08:10:26', '釋迦\n分享', 20, 1, 2, 14),
(17, '2024-01-27', '', '瓶中花園課程心得分享', '這堂課學習到苔類的特性\n造景的大原則。\n如何維持瓶中生態恆定及適合植物生長的條件與環境。\n我完成了今天的作品\n“爬山的人”之後做出了興趣，又再創作了第二個作品。\n用雨花石做出來的質感及風景大不同。\n放上房子和小羊，好可愛，我叫它“山上的家”\n有可愛的羊兒在吃草，\n山前有溫馨可愛的小房子\n感覺很棒。\n很開心的學習，\n老師很幽默，也對植物花園充滿了滿滿的熱情，\n她樂於分享及傳遞對植物的了解及知識，也提', '', '2024-01-27 21:36:52', '分享\n課程\n心得', 19, 1, 3, 15),
(18, '2024-01-28', '', '詢問芒果葉', '請教各位前輩，芒果葉這樣的情形，\n是什麼問題？ 請大家指教 感激不盡', '', '2024-01-28 12:22:28', '問題\n芒果葉\n感恩', 2, 1, 4, 16),
(19, '2024-01-29', '', '成功冒出新芽囉~', '經過稍微整理，滿意！\n「光肥」服侍下，冒出不少新苗', '', '2024-01-29 11:36:11', '心得\n新苗', 10, 1, 2, 17),
(74, '2024-02-06', '', '1111', '222 ', '', '2024-02-06 15:04:37', '', 1, 0, 1, 37);

-- --------------------------------------------------------

--
-- 資料表結構 `article_category`
--

CREATE TABLE `article_category` (
  `id` int(6) UNSIGNED NOT NULL,
  `name` varchar(50) CHARACTER SET utf8mb4 COLLATE utf8mb4_unicode_ci NOT NULL
) ENGINE=InnoDB DEFAULT CHARSET=utf8mb4 COLLATE=utf8mb4_general_ci;

--
-- 傾印資料表的資料 `article_category`
--

INSERT INTO `article_category` (`id`, `name`) VALUES
(1, 'official announcement'),
(2, 'planting experience'),
(3, 'course feedback'),
(4, 'asking');

-- --------------------------------------------------------

--
-- 資料表結構 `article_img`
--

CREATE TABLE `article_img` (
  `id` int(6) UNSIGNED NOT NULL,
  `filename` varchar(250) CHARACTER SET utf8mb4 COLLATE utf8mb4_unicode_ci NOT NULL,
  `created_at` datetime NOT NULL
) ENGINE=InnoDB DEFAULT CHARSET=utf8mb4 COLLATE=utf8mb4_general_ci;

--
-- 傾印資料表的資料 `article_img`
--

INSERT INTO `article_img` (`id`, `filename`, `created_at`) VALUES
(1, '1706078212.jpg', '0000-00-00 00:00:00'),
(2, '1706797521.jpg', '2024-02-01 15:25:21'),
(3, '1706078215.jpg', '0000-00-00 00:00:00'),
(4, '1706078216.jpg', '0000-00-00 00:00:00'),
(5, '1706078217.jpg', '0000-00-00 00:00:00'),
(6, '1706078218.jpg', '0000-00-00 00:00:00'),
(7, '1706078219.jpg', '0000-00-00 00:00:00'),
(8, '1706078220.jpg', '0000-00-00 00:00:00'),
(9, '1706078221.jpg', '0000-00-00 00:00:00'),
(10, '1706078222.jpg', '0000-00-00 00:00:00'),
(11, '1706078223.jpg', '0000-00-00 00:00:00'),
(12, '1706078224.jpg', '0000-00-00 00:00:00'),
(13, '1706078225.jpg', '0000-00-00 00:00:00'),
(14, '1706078226.jpg', '0000-00-00 00:00:00'),
(15, '1706078227.jpg', '0000-00-00 00:00:00'),
(16, '1706078228.jpg', '0000-00-00 00:00:00'),
(17, '1706078229.jpg', '0000-00-00 00:00:00'),
(18, '1706078230.jpg', '0000-00-00 00:00:00'),
(19, '1706768488.png', '2024-02-01 07:21:28'),
(20, '1706798744.jpg', '2024-02-01 15:45:44'),
(21, '1706798955.jpg', '2024-02-01 15:49:15'),
(22, '1706799776.jpg', '2024-02-01 16:02:56'),
(23, '1706844926.jpg', '2024-02-02 04:35:26'),
(24, '1706845169.jpg', '2024-02-02 04:39:29'),
(25, '1706847804.jpg', '2024-02-02 12:23:24'),
(26, '1706846471.jpg', '2024-02-02 12:01:11'),
(27, '1706846610.jpg', '2024-02-02 12:03:30'),
(28, '1706848517.jpg', '2024-02-02 12:35:17'),
(29, '1706856324.jpg', '2024-02-02 14:45:24'),
(30, '1707024426.jpg', '2024-02-04 13:27:06'),
(31, '1707024586.jpg', '2024-02-04 13:29:46'),
(32, '1707025405.jpg', '2024-02-04 13:43:25'),
(33, '1707027116.jpg', '2024-02-04 14:11:56'),
(34, '1707027509.jpg', '2024-02-04 14:18:29'),
(35, '1707121231.jpg', '2024-02-05 16:20:31'),
(36, '1707193643.png', '2024-02-06 12:27:23'),
(37, '1707203077.png', '2024-02-06 15:04:37');

-- --------------------------------------------------------

--
-- 資料表結構 `coupon`
--

CREATE TABLE `coupon` (
  `id` int(6) UNSIGNED NOT NULL,
  `name` varchar(59) CHARACTER SET utf8mb4 COLLATE utf8mb4_unicode_ci NOT NULL,
  `type` varchar(50) CHARACTER SET utf8mb4 COLLATE utf8mb4_unicode_ci NOT NULL,
  `code` varchar(30) CHARACTER SET utf8mb4 COLLATE utf8mb4_unicode_ci NOT NULL,
  `amount` decimal(10,2) NOT NULL,
  `started` datetime NOT NULL,
  `deadline` datetime NOT NULL,
  `valid` int(4) UNSIGNED NOT NULL,
  `created_at` date NOT NULL,
  `updated_at` date NOT NULL,
  `status` varchar(20) CHARACTER SET utf8mb4 COLLATE utf8mb4_unicode_ci NOT NULL,
  `min_price` varchar(10) CHARACTER SET utf8mb4 COLLATE utf8mb4_unicode_ci NOT NULL,
  `category_id` varchar(50) CHARACTER SET utf8mb4 COLLATE utf8mb4_unicode_ci NOT NULL
) ENGINE=InnoDB DEFAULT CHARSET=utf8mb4 COLLATE=utf8mb4_general_ci;

--
-- 傾印資料表的資料 `coupon`
--

INSERT INTO `coupon` (`id`, `name`, `type`, `code`, `amount`, `started`, `deadline`, `valid`, `created_at`, `updated_at`, `status`, `min_price`, `category_id`) VALUES
(1, '春季新品折', '金額', '8OHFO', 100.00, '2024-01-12 04:16:09', '2024-01-26 04:16:09', 1, '2024-01-01', '2024-02-02', '可使用', '100', '1'),
(2, '種植工具特', '百分比', 'AM44L', 0.80, '2024-01-05 13:43:32', '2024-01-12 13:43:32', 1, '2024-01-01', '2024-02-03', '已停用', '200', '4'),
(3, '折抵好優惠', '金額', 'MA5LC', 200.00, '2024-01-01 05:49:04', '2024-01-22 05:49:04', 1, '2024-01-01', '2024-02-03', '可使用', '100', '5'),
(4, '蔬菜種子特', '金額', 'UZVHK', 100.00, '2024-01-16 19:41:29', '2024-01-30 19:41:29', 1, '2024-01-01', '2024-01-19', '已停用', '300', '1'),
(5, '幼苗季節促', '百分比', 'AZ2AJ', 0.70, '2024-01-05 10:00:14', '2024-01-26 10:00:14', 1, '2024-01-01', '2024-01-17', '可使用', '100', '2'),
(6, '精選專區折', '百分比', 'USKR5', 0.80, '2024-01-05 11:00:00', '2024-01-26 11:00:00', 1, '2024-01-01', '2024-01-09', '已停用', '200', '6'),
(7, '農藥限時優', '金額', 'K2Y2B', 200.00, '2024-01-12 15:08:32', '2024-01-19 15:08:32', 1, '2024-01-01', '2024-01-13', '可使用', '300', '3'),
(8, '結賬享優惠', '金額', '2CRRL', 100.00, '2024-01-02 17:57:24', '2024-01-23 17:57:24', 1, '2024-01-01', '2024-01-09', '已停用', '300', '4'),
(9, '折抵真優惠', '金額', 'ZB1OU', 300.00, '2024-01-17 19:00:00', '2024-01-31 19:00:00', 1, '2024-01-01', '2024-01-09', '可使用', '100', '4'),
(10, '有機肥料減', '金額', 'XK3O5', 200.00, '2024-01-13 20:48:09', '2024-01-20 20:48:09', 1, '2024-01-01', '2024-01-12', '已停用', '300', '5'),
(11, '折抵要優惠', '金額', '7LIBY', 300.00, '2024-01-19 21:20:00', '2024-02-02 21:20:00', 1, '2024-01-01', '2024-01-13', '已停用', '100', '6'),
(12, '折抵享優惠', '金額', 'EDW2Q', 300.00, '2024-01-18 00:00:00', '2024-02-08 00:00:00', 1, '2024-01-01', '2024-01-09', '已停用', '200', '1'),
(13, '就是要種子', '金額', 'T5GRG', 100.00, '2024-01-03 16:19:35', '2024-01-17 16:19:35', 1, '2024-01-01', '2024-01-11', '可使用', '200', '1'),
(14, '會員專屬折', '金額', 'OUM6J', 300.00, '2024-01-06 09:13:46', '2024-01-20 09:13:46', 1, '2024-01-01', '2024-01-04', '可使用', '100', '3'),
(15, '土壤調理優', '百分比', 'F3LME', 0.80, '2024-01-17 00:00:00', '2024-02-07 00:00:00', 1, '2024-01-01', '2024-02-03', '已停用', '300', '5'),
(16, '水培材料特', '金額', '0K98J', 100.00, '2024-01-16 14:41:00', '2024-01-30 14:41:00', 1, '2024-01-01', '2024-01-14', '可使用', '200', '4'),
(17, '會員專享折', '金額', 'SU5P2', 300.00, '2024-01-16 00:00:00', '2024-02-06 00:00:00', 1, '2024-01-01', '2024-01-11', '可使用', '300', '3'),
(18, '露天耕種優', '百分比', 'MZAZO', 0.80, '2024-01-07 04:00:00', '2024-01-28 04:00:00', 1, '2024-01-01', '2024-01-07', '已停用', '300', '4'),
(19, '種子新品特', '百分比', 'YY8IR', 0.90, '2024-01-15 16:00:34', '2024-02-05 16:00:34', 1, '2024-01-01', '2024-01-15', '已停用', '300', '1'),
(20, '幼苗季節促', '金額', '1VLTA', 200.00, '2024-01-19 00:00:00', '2024-02-09 00:00:00', 1, '2024-01-01', '2024-01-10', '可使用', '300', '5'),
(21, '春季新品折', '百分比', 'IZK2U', 0.70, '2024-01-17 02:52:12', '2024-01-31 02:52:12', 1, '2024-01-01', '2024-01-17', '已停用', '300', '2'),
(22, '植物養護書', '百分比', 'J8SM8', 0.70, '2024-01-02 18:34:00', '2024-01-09 18:34:00', 1, '2024-01-01', '2024-01-07', '已停用', '200', '6'),
(23, '園藝愛好者', '金額', '55SVL', 100.00, '2024-01-03 14:00:00', '2024-01-24 14:00:00', 1, '2024-01-01', '2024-01-12', '可使用', '100', '4'),
(24, '肥料全場半', '百分比', 'UUC4Z', 0.70, '2024-01-04 14:47:10', '2024-01-11 14:47:10', 1, '2024-01-01', '2024-01-01', '已停用', '100', '5'),
(25, '防蟲農藥賞', '金額', 'WTVDL', 200.00, '2024-01-11 15:11:25', '2024-01-18 15:11:25', 1, '2024-01-01', '2024-01-17', '可使用', '100', '3'),
(26, '有機肥料減', '百分比', 'LZ7NX', 0.80, '2024-01-19 00:00:00', '2024-02-09 00:00:00', 1, '2024-01-01', '2024-01-01', '已停用', '200', '5'),
(27, '折抵大優惠', '金額', 'TXH9N', 300.00, '2024-01-06 16:31:00', '2024-01-27 16:31:00', 1, '2024-01-01', '2024-01-06', '可使用', '300', '6'),
(28, '網購狂歡節', '百分比', 'DTGVS', 0.70, '2024-01-01 12:35:10', '2024-01-08 12:35:10', 1, '2024-01-01', '2024-01-05', '可使用', '300', '5'),
(29, '種植大特賣', '百分比', '9WBYL', 0.80, '2024-01-08 02:20:38', '2024-01-22 02:20:38', 1, '2024-01-01', '2024-01-03', '可使用', '100', '1'),
(30, '種植工具特', '百分比', '2KDRY', 0.90, '2024-01-14 13:13:00', '2024-01-28 13:13:00', 1, '2024-01-01', '2024-02-03', '已停用', '300', '4'),
(31, '種子哈哈哈', '百分比', 'EYR44', 0.70, '2024-01-02 15:52:00', '2024-01-19 15:52:00', 1, '2024-01-30', '2024-02-02', '可使用', '100', '2'),
(32, 'CFHHHHHH', 'option1', 'ERT44', 0.90, '2024-01-06 16:44:00', '2024-01-12 16:44:00', 0, '2024-01-30', '2024-01-30', '可使用', '100', '1'),
(33, 'CFHHHHHH', 'option1', 'ERT44', 0.90, '2024-01-06 16:44:00', '2024-01-12 16:44:00', 0, '2024-01-30', '2024-01-30', '可使用', '100', '1'),
(34, 'CFTTTTT', 'option1', 'ERT00', 0.90, '2024-01-06 16:44:00', '2024-01-12 16:44:00', 0, '2024-01-30', '2024-01-30', '可使用', '100', '1'),
(35, '哈哈哈種苗', 'option2', 'YVS44', 200.00, '2024-01-18 14:29:00', '2024-01-30 14:29:00', 0, '2024-01-31', '2024-01-31', '可使用', '200', '2'),
(36, '新春大優惠', '百分比', 'MBQ91', 300.00, '2024-01-07 00:21:00', '2024-02-21 00:21:00', 1, '2024-02-01', '2024-02-03', '可使用', '200', '4'),
(37, 'iijjukkk', '百分比', 'ＱＱＱ12', 0.50, '2024-02-01 14:47:00', '2024-02-10 14:47:00', 1, '2024-02-02', '2024-02-02', '可使用', '100', '3'),
(38, 'RRRRRR', '百分比', 'REW44', 0.80, '2024-02-09 15:02:00', '2024-02-15 15:02:00', 0, '2024-02-02', '2024-02-03', '已停用', '100', '2'),
(39, '種子書特價', '百分比', 'YSO08', 0.60, '2024-02-05 15:18:00', '2024-02-22 15:18:00', 1, '2024-02-02', '2024-02-02', '可使用', '300', '6'),
(40, '只要我長大', '百分比', 'FZM00', 0.70, '2024-01-29 02:33:00', '2024-02-16 02:33:00', 1, '2024-02-03', '2024-02-03', '已停用', '200', '5'),
(41, 'TRYYUUUUU', '百分比', 'DEW46', 0.70, '2024-02-06 21:11:00', '2024-02-22 21:11:00', 0, '2024-02-03', '2024-02-03', '可使用', '200', '3'),
(42, 'ZZZZZ', '金額', 'DAZ19', 100.00, '2024-02-06 21:24:00', '2024-02-22 21:24:00', 1, '2024-02-03', '2024-02-04', '可使用', '200', '1'),
(43, 'COUPONTEST', '百分比', 'TEST002', 0.80, '2024-02-05 12:12:00', '2024-02-08 12:12:00', 0, '2024-02-04', '2024-02-04', '已停用', '5000', '5'),
(134, 'eeeeeee', '百分比', 'ETS43', 0.70, '2024-01-30 16:34:00', '2024-02-22 16:34:00', 0, '2024-02-05', '2024-02-05', '已停用', '100', '2'),
(135, 'TTTTTTT', '金額', 'TRD54', 200.00, '2024-02-06 12:23:00', '2024-02-21 12:23:00', 0, '2024-02-06', '2024-02-06', '已停用', '100', '2'),
(136, 'OOOOOOO', '金額', 'OPI48', 200.00, '2024-02-01 12:53:00', '2024-02-22 12:54:00', 0, '2024-02-06', '2024-02-06', '已停用', '200', '4'),
(137, 'JACK', '百分比', 'ETS43', 0.70, '2024-02-07 12:55:00', '2024-02-16 12:55:00', 0, '2024-02-06', '2024-02-06', '可使用', '782', '1'),
(138, 'ptyuiooo', '金額', 'TRE65', 100.00, '2024-01-28 13:27:00', '2024-02-14 13:27:00', 0, '2024-02-06', '2024-02-06', '已停用', '200', '2'),
(139, 'TTTTTTTT', '金額', 'TGD53', 200.00, '2024-02-07 15:01:00', '2024-02-22 15:01:00', 0, '2024-02-06', '2024-02-06', '已停用', '100', '2');

-- --------------------------------------------------------

--
-- 資料表結構 `lecture`
--

CREATE TABLE `lecture` (
  `id` int(6) UNSIGNED NOT NULL,
  `teacher_id` int(6) UNSIGNED NOT NULL,
  `name` varchar(50) CHARACTER SET utf8mb4 COLLATE utf8mb4_unicode_ci NOT NULL,
  `price` int(6) UNSIGNED NOT NULL,
  `amount` int(3) UNSIGNED NOT NULL,
  `location` int(3) NOT NULL,
  `starting_date` date NOT NULL,
  `ending_date` date NOT NULL,
  `staring_time` time NOT NULL,
  `ending_time` time NOT NULL,
  `description` varchar(2000) CHARACTER SET utf8mb4 COLLATE utf8mb4_unicode_ci NOT NULL,
  `cover` varchar(500) NOT NULL,
  `img` varchar(500) CHARACTER SET utf8mb4 COLLATE utf8mb4_unicode_ci NOT NULL,
  `valid` int(4) UNSIGNED NOT NULL
) ENGINE=InnoDB DEFAULT CHARSET=utf8mb4 COLLATE=utf8mb4_general_ci;

--
-- 傾印資料表的資料 `lecture`
--

INSERT INTO `lecture` (`id`, `teacher_id`, `name`, `price`, `amount`, `location`, `starting_date`, `ending_date`, `staring_time`, `ending_time`, `description`, `cover`, `img`, `valid`) VALUES
(1, 1, '大桔大利-採摘體驗', 888, 20, 7, '2024-02-03', '2024-02-03', '08:00:00', '17:00:00', '台中採茂谷柑體驗課程\r\n歡迎您參加我們精心策劃的台中採茂谷柑體驗課程，這將是一個豐富而有趣的冒險，讓您親身體驗柑橘種植的奧秘。\r\n課程內容：\r\n1. 歡迎與介紹：\r\n   - 上午8時，歡迎您來到台中採茂谷柑園，我們將為您提供一杯新鮮的柑橘汁並進行簡介。\r\n2. 導覽與柑橘園探索：\r\n   - 了解台中採茂谷柑的歷史和特色。\r\n   - 專業導遊帶領您穿越柑橘園，分享有趣的知識和種植技術。\r\n3. 親身採摘體驗：\r\n   - 與農夫一同體驗柑橘的採收過程，了解如何識別成熟的柑橘。\r\n   - 提供採摘工具，您可以親自動手參與，並將您的收成帶回家。\r\n4. 品嚐活動：\r\n   - 中午12時，享用美味的柑橘午餐。\r\n   - 品嚐不同品種的柑橘，感受其獨特口感和風味。\r\n5. 柑橘加工製作：\r\n   - 下午1時，參與柑橘加工工作坊，親手製作柑橘果醬或果乾。\r\n   - 您可以將製作的產品帶回家，與親朋好友分享您的手作成果。\r\n6. 農業講座：\r\n   - 下午2時，農業專家將進行一場生動的講座，深入介紹柑橘的栽培、管理和保養技巧。\r\n   - 提供問答時間，讓您解答有關柑橘的所有疑問。\r\n請提前預約您的名額，以確保有足夠的材料和導遊資源。歡迎您加入這個充滿樂趣和教育性的柑橘體驗之旅！', 'cover1.jpg', 'img1.jpg', 0),
(2, 1, '遇見莓好-採摘體驗', 1000, 20, 1, '2024-02-18', '2024-02-18', '08:00:00', '17:00:00', '課程概述：\r\n嚴選苗栗大湖在地小農，提供學員們一個豐富的草莓體驗，從採摘到製作，深入了解草莓的生長過程、品種特性以及製作美味的草莓料理。課程將結合戶外實地採摘活動和室內實踐製作，讓學員們在歡樂的氛圍中學習並感受草莓的魅力。\r\n課程內容：\r\n1. 草莓園採摘體驗\r\n   - 導覽草莓農場，了解草莓的種植過程和環境要求。\r\n   - 學習草莓的品種辨識，了解各種草莓的特點。\r\n   - 實地採摘，體驗新鮮草莓的收穫樂趣。\r\n2. 草莓知識講座\r\n   - 草莓的歷史與文化。\r\n   - 草莓的營養價值及健康益處。\r\n   - 如何在家種植草莓。\r\n3. 草莓製作工作坊\r\n   - 學習製作草莓甜點，如草莓塔、草莓千層蛋糕等。\r\n   - 製作草莓果醬和草莓冰淇淋。\r\n   - 草莓與巧克力的搭配技巧。\r\n4. 品味與分享\r\n   - 品嚐各種自製草莓點心，並進行品評。\r\n   - 分享製作心得和經驗，交流草莓製作的技巧。\r\n   - 與其他參與者互動，建立草莓愛好者社群。\r\n5. 禮品與紀念品\r\n   - 每位學員可將自己製作的草莓點心帶回家。\r\n   - 贈送草莓小禮品，讓學員帶著美好回憶離開。\r\n注意事項：\r\n- 費用包含草莓採摘、製作材料、講座、午餐和小禮品。\r\n- 請穿著合適的戶外活動服裝及鞋子。\r\n- 學員需提前報名，額滿即止。\r\n這門課程將為學員提供一個充實而愉悅的體驗，深入了解草莓的奇妙世界，同時學習製作各種美味的草莓點心。', 'cover2.jpg', 'img2.jpg', 1),
(3, 16, '梅開五福-採摘體驗', 1200, 20, 9, '0000-00-00', '0000-00-00', '00:00:00', '00:00:00', '課程內容：\r\n歡迎參加我們精心策劃的「採梅子體驗課程」，這將是一個充滿樂趣和自然之美的冒險。以下是課程的詳細資訊：\r\n1. 歡迎與介紹：\r\n   - 上午9時，歡迎您抵達我們美麗的梅樹園區，我們將提供新鮮的梅子汁和簡介。\r\n2. 導覽與梅園探索：\r\n   - 由專業園丁帶領的導覽，深入梅樹園，了解梅子的生長過程、不同品種的特點，以及梅子的栽培技術。\r\n3. 親身採摘體驗：\r\n   - 與園丁一同體驗梅子的採摘樂趣，了解如何選擇成熟的梅子，並使用採摘籃進行收成。\r\n4. 品味梅子：\r\n   - 中午12時，農場將準備各式梅子料理，讓酸酸甜甜的梅子為各位貴賓帶來一場與眾不同的味覺饗宴。\r\n5. 梅子加工工作坊：\r\n   - 下午1時，參與梅子加工工作坊，學習製作梅子醬、梅子乾或其他美味梅子製品的方法。\r\n6. 自由時間與茶點：\r\n   - 下午3時，您可以在園區中自由漫步，享受梅樹間的寧靜。\r\n   - 提供梅子主題的茶點，讓您在樹影婆娑中放鬆身心。\r\n請提前預約您的名額，以確保有足夠的採摘籃和工作坊材料。這將是一個難忘的梅子體驗之旅，期待您的參與！', 'cover3.jpg', 'img3.jpg', 0),
(4, 15, '好運旺來-採摘體驗', 1100, 20, 11, '0000-00-00', '0000-00-00', '00:00:00', '00:00:00', '採鳳梨體驗\r\n透過解說了解鳳梨基礎生育及選果知識，並帶您進入鳳梨田的世界，穿戴好裝備採收鳳梨，漫步其中可體驗當地生活。\r\n體驗流程\r\n一、解說流程：\r\n1. 鳳梨品種介紹。\r\n2. 鳳梨生產模式。\r\n3. 鳳梨採收成熟度判斷。\r\n4. 示範鳳梨採果技巧\r\n二、採果流程：\r\n1. 穿著長袖及長褲，配戴好棉布手套及揹上採果籃。\r\n2. 依照解說中選果技巧選取鳳梨。\r\n3. 於鳳梨頭基部約 3-5 公分處，利用彎刀將其割下採收。\r\n知識引導\r\n一、鳳梨栽種面積及品種：\r\n臺東縣鳳梨種植面積約 362 公頃，鳳梨果品收穫量為 10,335 公噸，以鹿野鄉、延平鄉及成功鎮為主要產區。栽種品種以臺農 17 號(金鑽鳳梨) 及開英種(土鳳梨) 為主。開英種鳳梨較酸，加工後風味佳，可製成鳳梨罐頭、鳳梨酥和鳳梨醋；金鑽鳳梨則適合鮮食及加工利用。\r\n二、鳳梨生產模式：\r\n鳳梨的栽培模式，一般採營養芽 ( 裔芽或吸芽 ) 於田間定植栽種約一年，當植株達一定大小，感受冬季低溫、乾旱等的氣候條件，誘使鳳梨自然開花，於春季 2-4 月時便可見小花序形成，其臺東產期為夏季 (6-8月)，稱為夏果，西部地區採用人工催花來調節果實生產，生產 3-5 月果實。\r\n三、鳳梨採收成熟度判斷：\r\n臺農17 號建議採收成熟度為1/4 轉色為宜，夏、秋果宜早採收，冬、春果可較晚採收。臺農 17 號冬、春果可在 1/2 以上轉色採收，夏果 1/4 至 1/3 左右轉色採收。\r\n四、適合採果時間：\r\n採果時間以早晨露水乾後，溫度未上升前進行較佳，雨天採收儘量避免，否則需儘早將果實風乾。\r\n五、採果注意事項：\r\n1. 以刀具割取果實，果梗傷口斷面要平整，必要時可保留 1-3 公分果梗，待果實送進集貨場進行二次修整。\r\n2. 果實搬運可用推車運送，放置果實應採行直立方式 ( 果梗朝下，冠芽朝上 )，若採用橫放則需在每層鳳梨之間加上襯墊物，以減少果實受傷，果實要運送包裝場車速宜慢並減少搬運次數。\r\n體驗學習重點\r\n1. 學習採果技巧、認識鳳梨品種及生產模式。\r\n2. 了解鳳梨果農採熟成熟度及判斷的方法', 'cover4.jpg', 'img4.jpg', 1),
(5, 1, '大發荔市-採摘體驗', 1300, 20, 1, '0000-00-00', '0000-00-00', '00:01:00', '00:05:00', '荔枝採摘體驗課程\r\n歡迎參加我們精心策劃的荔枝採摘體驗課程，這是一個讓您親身感受荔枝甜蜜風味的絕佳機會。我們將帶領您進入蒼翠的果園，讓您親手採摘、品味這個夏日的美味水果。\r\n活動亮點：\r\n1. 採摘冒險： 在專業果農的帶領下，您將穿越茂密的荔枝樹叢，親身體驗採摘的樂趣，了解不同品種的荔枝樹特點。\r\n2. 果園導覽： 我們的專業導遊將帶您了解荔枝的生長環境、栽培技巧，並分享有趣的水果知識。\r\n3. 品味時光： 在果園中，我們將提供一場品味荔枝的美味時光，品嚐新鮮、多汁的荔枝，感受夏日的清新滋味。\r\n4. 攜手探秘： 與其他參與者一同分享採摘的快樂，建立新的友誼，攜手探索荔枝的奇妙之處。\r\n溫馨提示：\r\n請穿著舒適的服裝和適合採摘的鞋子，並攜帶陽傘或太陽帽以應對陽光。本活動適合各年齡層參與，家庭和朋友一同參加更添樂趣。\r\n加入我們的荔枝採摘體驗課程，與自然共舞，感受農田的美好。期待與您在果園相會，一同品味夏日的豐收喜悅！', 'cover5.jpg', 'img5.jpg', 1),
(6, 17, '梨想成真-採摘體驗', 1000, 20, 7, '0000-00-00', '0000-00-00', '00:00:00', '00:00:00', '水梨採摘與製作體驗\n課程概述：\n這門課程旨在帶領學員走進水梨的奇妙世界，從水梨的採摘到製作各種美味的水梨點心，深入了解水梨的生長過程、品種特性以及製作技巧。課程將結合戶外實地採摘活動和室內實踐製作，讓學員們在歡樂的氛圍中學習並感受水梨的魅力\n課程內容：\n1. 水梨園採摘體驗\n   - 導覽水梨農場，了解水梨的種植過程和環境要求。\n   - 學習水梨的品種辨識，了解各種水梨的特點。\n   - 實地採摘，體驗新鮮水梨的收穫樂趣。\n2. 水梨知識講座\n   - 水梨的歷史與文化。\n   - 水梨的營養價值及健康益處。\n   - 如何在家種植水梨。\n3. 水梨製作工作坊\n   - 學習製作水梨甜點，如水梨塔、水梨冰淇淋等。\n   - 製作水梨果醬和水梨蛋糕。\n   - 水梨與其他水果的搭配技巧。\n4. 品味與分享\n   - 品嚐各種自製水梨點心，並進行品評。\n   - 分享製作心得和經驗，交流水梨製作的技巧。\n   - 與其他參與者互動，建立水梨愛好者社群。\n5. 禮品與紀念品\n   - 每位學員可將自己製作的水梨點心帶回家。\n   - 贈送水梨小禮品，讓學員帶著美好回憶離開。\n注意事項：\n- 請穿著合適的戶外活動服裝及鞋子。\n- 學員需提前報名，額滿即止。\n這門課程將為學員提供一個充實而愉悅的體驗，深入了解水梨的奇妙世界，同時學習製作各種美味的水梨點心。', 'cover6.jpg', 'img6.jpg', 0),
(7, 6, '甜甜蜜蜜-採摘體驗', 900, 20, 13, '0000-00-00', '0000-00-00', '00:00:00', '00:00:00', '採水蜜桃體驗課程\n歡迎參加我們精心策劃的「採水蜜桃體驗課程」，這將是一個充滿歡笑和自然之美的冒險。以下是課程的詳細資訊：\n課程內容：\n1. 歡迎與介紹：\n   - 上午9時，歡迎您抵達我們的水蜜桃園區，我們將提供新鮮的水蜜桃汁和園區簡介。\n2. 導覽與果園探險：\n   - 由農夫或專業園丁帶領的導覽，深入果園，了解水蜜桃的生長過程、不同品種的特點，以及水蜜桃的栽培技術。\n3. 親身採摘體驗：\n   - 與園丁一同體驗水蜜桃的採摘樂趣，了解如何選擇成熟的水蜜桃，並使用採摘籃進行收成。\n4. 品味水蜜桃：\n   - 中午12時，品嚐各種不同品種的新鮮水蜜桃，了解它們的口感、風味和營養價值。\n5. 水蜜桃加工工作坊：\n   - 下午1時，參與水蜜桃加工工作坊，學習製作水蜜桃醬、水蜜桃冰淇淋或其他美味水蜜桃製品的方法。\n6. 自由時間與茶點：\n   - 下午3時，您可以在園區中自由漫步，享受水蜜桃樹間的清新空氣。\n   - 提供水蜜桃主題的茶點，讓您在樹影婆娑中放鬆身心。\n請提前預約您的名額，以確保有足夠的採摘籃和工作坊材料。這將是一個難忘的水蜜桃體驗之旅，期待您的參與！', 'cover7.jpg', 'img7.jpg', 0),
(8, 20, '好事相蕉-採摘體驗', 800, 20, 13, '0000-00-00', '0000-00-00', '00:00:00', '00:00:00', '旗山，香蕉的STYLE，走入那個有趣驚奇的小鎮。騎乘鐵馬在這裡到香蕉園體驗，從香蕉的種植到香蕉的文化，彷彿進入了屬於台灣那個金子般的年代。活動當中帶你深度走訪老街的老店家，親手體驗老店的巡禮特色，從老店的手作精神，帶你一覽旗山早期的手工藝文化。\n活動介紹\n【鄉野田間，蕉園的神兵與利器】\n蕉農是旗山香蕉文化的重要角色，旅行中我們將騎乘鐵馬，到旗山種香蕉的大本營─溪州庄內，透過導覽及與當地農民互動，感受旗山香蕉特有文化風貌。\n【香蕉好食，特色餐點來呷飯】\n在農民文化中，香蕉不僅是水果角色，甚扮演糧食的餐點，種田休息時，香蕉沾蒜頭醬油當點心是我們的最愛，本旅行將結合過去香蕉在地吃法，配合自製的醬汁進行風味料理，呈現香蕉特色的餐點。  \n【時尚的蕉農，香蕉農事體驗】\n只要準備一件白色的汗衫及吃飽的肚子，種香蕉其實可以很時尚，香蕉種植、採收、減肥等等香蕉農事體驗，一同來感受。\n【香蕉衫逛大街，旗山老專門店體驗】\n配合季節走訪旗山不同老專門店，感受日治到戰後的旗山老街、老產業文化，讓職人訴說產業的故事，增添老街建築的溫度。\n【敲拓染手作，將回憶帶在身旁】\n在三合院前完成自己手做的敲拓染小物，享受寧靜跟悠閒的時光，讓兩天的香蕉的田間生活留有回憶。\n活動行程\n【第1天】走訪香蕉產業的心臟地帶\n13:00 旗山南站集合\n13:30 相見歡\n14:00 溪洲香蕉庄頭探索-\n18:30 香蕉風味餐 (香蕉咖哩豬排、香蕉湯、香蕉甜點、飲料)\n20:00 香蕉植物拓染製作，文創筆記本、文創小方巾。\n21:00 夜宿三合院民宿(四人套房)\n【第2天】蕉農體驗style\n 7:00 早餐\n8:00 來去種香蕉-體驗蕉農STYLE\n10:00 清涼一夏\n11:00 收房集合\n11:30 旗山菜好食(仙翁養身園小火鍋)\n13:00 聽說旗山\n14:30 旗山老街老店懷舊體驗(手切冰、米粉店、打鐵店、醬油店、童玩店)\n16:30 自由逛老街伴手禮採買\n17:00 分享與回饋\n17:40 旗山南站解散\n注意事項\n1.住宿為三合院老宅改建，為本次體驗行程之一，民宿乾淨且舒適，唯獨夜間昆蟲較多，附近沒有喧囂市集。\n2.由於活動安排多以戶外活動為主，但若逢梅雨季節，部分活動會採室內體驗或影片、幻燈片介紹方式來辦理。\n3.本活動需要騎乘腳踏車走訪，要會騎腳踏車喔。', 'cover8.jpg', 'img8.jpg', 0),
(9, 12, '釋釋順心-採摘體驗', 1500, 20, 15, '0000-00-00', '0000-00-00', '00:00:00', '00:00:00', '釋迦採果體驗\n釋迦果價格昂貴且果肉嬌貴，是非常不適合開放體驗的鮮果類別。而本行程由初鹿休閒農業區規劃設計，期盼透過採果體驗分享當季好滋味之外，更可以類似換工的方式，協助果農採收，是非常好的相互合作機會，邀請大家一起來體驗釋迦採果的樂趣，歡迎有興趣的民眾把握機會~\n**跟著小農一起進入田區，由小農親自解說與示範如何採果，看的到就吃的到的新鮮，絕對沒有食安問題。\n**採果現場會提供手套、籃子、剪刀等道具，以分組方式，供民眾使用。\n**每人基本可採重量約2台斤的釋迦，顆數約2-3顆，市價約$250元，採完即可帶走；但因為鮮果的大小重量不一，會現場直接秤重，且重量正負10%為合理認定範圍。\n   未滿重量者，可補足約2台斤的鮮果(品種為大目釋迦或鳳梨釋迦)，但恕不可退費、還價或累積下次計算。\n   超過重量者，可繳回超重範圍的鮮果，或者是依據(超重重量x市價購買每台斤約$125元)的價格，進行現場購買與付費。\n**採果完畢後，會回到集合地點，提供進行包裝加工。(每人含一份飲品)\n**集合地點與採果場地有一小段距離，請參與者自行前往，主辦單位不提供接駁服務。\n**本行程屬戶外活動，請務必穿包鞋或布鞋，以免受傷；若怕蚊蟲叮咬或曬黑，請自行準備相關用品。\n**本行行程費用，除了鮮果費用之外，還須負擔包裝耗材、田區維護管理費、保險、道具借用維護等費用。以支持在地小農共同投入推廣優良農產品，請參與民眾能多加鼓勵與現場購買。\n**若想包裝成為禮盒，其包裝材料則另外現在與小農直接購買。\n注意事項\n(1.) 本行程每梯次最多可報名人數為20人，無論人數多寡皆會開團，請報名後自行準時至指定地點報到集合。\n(2.) 本行程費用包含 : 體驗材料費(包含鮮果、包裝耗材等)、田區維護管理費、保險、道具借用等。\n(3.) 本行程滿6歲以上者才收費；未滿6歲以下者，建議不要參加，因為行程中會進入田區，容易有安全問題，若仍堅持參與，則現場不會提供任何採果道具、保險等，請同團人員自行照顧好自身安全，若有發生相關問題皆與主辦單位無關。\n(4.) 延續上述，若基於安全考量，6歲以下者仍可購買本行程，就可享有本行程完整的服務內容。\n(5.) 若有特殊旅遊需求或預訂客製化行程，請提前30日與本公司預約諮詢。\n(6.) 為維護服務品質，本行程不接受出團前3天、前一天或當天預約，敬請見諒。另外，請勿出團當天自行更換參與人員，因為每一位參與者皆會提供保險，隨意更換參與者會造成團務控管的問題與潛在安全問題，若現場報到核對有誤，主辦單位有權不提供任何服務與退費，並請當事人立即離開活動現場，且不得異議，敬請訂購前詳閱相關說明。\n(7.) 本行程若遇下雨天，會在出團前1小時，另行通知是否正常開團，若是天氣因素無法出團則可全數退費。', 'cover9.jpg', 'img9.jpg', 1),
(10, 9, '柿柿如意-採摘體驗', 800, 20, 7, '0000-00-00', '0000-00-00', '00:00:00', '00:00:00', '秋日甜柿採摘體驗課程\n歡迎加入我們的秋日甜柿採摘體驗課程，讓您在金黃的秋天感受採摘的樂趣，品味新鮮柿子的甜美滋味。來到這片柿子樹叢，一同享受豐收的季節，創造美好的回憶。\n活動亮點：\n1. 柿樹之旅：在柿子樹叢間徜徉，親手摘取柿子，感受秋日的寧靜和柿子的柔軟質感。\n2. 果園導覽：由專業果園導遊帶領，深入了解甜柿的生長環境、栽培技術，並探索柿子的獨特之處。\n3. 品味體驗： 在果園中品味新鮮的甜柿，了解不同品種的風味特點，享受秋天特有的自然美味。\n4. 手作工坊： 參與手作工坊，學習如何挑選、處理和保存甜柿，並製作出美味的柿子點心或果汁。\n課程內容：\n1. 甜柿園採摘體驗\n   - 導覽甜柿農園，了解甜柿的生長環境和栽培技巧。\n   - 學習甜柿的品種辨識，了解各種甜柿的特點。\n   - 實地採摘，體驗新鮮甜柿的收穫樂趣。\n2. 甜柿知識講座\n   - 甜柿的歷史與文化。\n   - 甜柿的營養價值及健康益處。\n   - 如何在家種植甜柿。\n3. 甜柿製作工作坊\n   - 學習製作甜柿甜點，如甜柿布丁、甜柿蛋糕等。\n   - 製作甜柿果醬和甜柿沙拉。\n   - 甜柿與其他食材的搭配技巧。\n4. 品味與分享\n   - 品嚐各種自製甜柿點心，並進行品評。\n   - 分享製作心得和經驗，交流甜柿製作的技巧。\n   - 與其他參與者互動，建立甜柿愛好者社群。\n5. 禮品與紀念品\n   - 每位學員可將自己製作的甜柿點心帶回家。\n   - 贈送甜柿小禮品，讓學員帶著美好回憶離開。\n備註事項：\n請穿著適合活動的衣物和鞋子，以確保您在果園中的舒適。這是一個歡迎各年齡層參與的活動，適合與家人、朋友一同度過美好時光。\n加入我們的秋日甜柿採摘體驗課程，與大自然共舞，期待與您在果園相會，一同沐浴在秋天的豐收喜悅！', 'cover10.jpg', 'img10.jpg', 1),
(11, 13, '平安喜樂-採摘體驗', 800, 20, 8, '0000-00-00', '0000-00-00', '00:00:00', '00:00:00', '課程特色\n透過實地觀察體驗認識草生栽培的概念以及草生栽培對於田間生態環境的重要性。\n透過芭樂果乾製作學習農業生產的加工流程，並認識格外品的產生以及如何應用個外品，讓人類可以往永續生活的目標邁進。\n以手作芭樂襪娃延伸社頭傳統產業的精髓以及連結農業特色產物，並透過添加精油強化過程的五感體驗。\n課程主題\n【友善農法認識|蓋被子的芭樂園】\n來到彰化縣社頭鄉，一進來就會看到一望無際的芭樂園，芭樂是當地重要的經濟果樹，也是台灣芭樂的重要產區之一。活動將帶領遊客實際走訪好瀚農場，透過田間生態觀察體驗引導遊客認識什麼是對土地友善的草生栽培，芭樂的故事，以及體驗親手採芭樂的樂趣。\n【食農教育學習|清涼一夏芭樂茶】\n介紹剩食與格外品的概念，並以芭樂乾與紅茶的融合來講述農作物如果在盛產期收成存放不易的狀況下，可以透過簡單加工轉變為高經濟價值且能延長保存的方法。藉此不但能減少食物的浪費，更能提升參與者對永續生活的認識。\n【創意DIY製作|可愛香芭樂佬襪娃手作】\n社頭是臺灣紡織重鎮，過去以襪子加工產業為最大宗。課程將帶領遊客認識社頭襪子產業的歷史，再以地方特色作物-芭樂作為主角，體驗芭樂襪娃手作。並在完成芭樂襪娃後，邀請遊客於襪娃中加入自選植物精油，讓芭樂襪娃成為現代人忙碌生活中的舒緩小物。\n課程說明\n【感受在地食農文化】\n實際帶領學員走進鄉村，以食農教育三面六項為核心出發，將每個社區特色發展學習課程，本次社頭觀光產業文創協會以「芭樂」及「襪子產業」為題，設計包含蓋被子的芭樂園、清涼一下芭樂茶、可愛香芭樂佬襪娃手作等活動，讓小朋友能以活潑有趣的方式獲得學習成效。\n本次活動設計「蓋被子的芭樂園」、「清涼一下芭樂茶」、「可愛香芭樂佬襪娃手作」三大主題，並以引發動機、發展活動、綜合活動為教案設計主軸。', 'cover11.jpg', 'img11.jpg', 1),
(12, 13, '棗到幸福-採摘體驗', 1000, 20, 13, '0000-00-00', '0000-00-00', '00:00:00', '00:00:00', '蜜棗採摘與製作體驗\n課程概述：\n這門課程將帶領學員走進蜜棗產地，親身體驗蜜棗的採摘樂趣，了解蜜棗的生長過程、品種特性，並學習如何巧妙製作各種美味的蜜棗相關料理。課程結合戶外實地採摘活動和室內實踐製作，讓學員在歡樂的氛圍中學習並感受蜜棗的獨特魅力。\n課程內容：\n1. 蜜棗園採摘體驗\n   - 導覽蜜棗農園，了解蜜棗的種植過程和環境要求。\n   - 學習蜜棗的品種辨識，了解各種蜜棗的特點。\n   - 實地採摘，體驗新鮮蜜棗的收穫樂趣。\n2. 蜜棗知識講座\n   - 蜜棗的歷史與文化。\n   - 蜜棗的營養價值及健康益處。\n   - 如何在家種植蜜棗。\n3. 蜜棗製作工作坊\n   - 學習製作蜜棗甜點，如蜜棗蛋糕、蜜棗果醬等。\n   - 製作蜜棗沙拉和蜜棗冰淇淋。\n   - 蜜棗與其他食材的搭配技巧。\n4. 品味與分享\n   - 品嚐各種自製蜜棗點心，並進行品評。\n   - 分享製作心得和經驗，交流蜜棗製作的技巧。\n   - 與其他參與者互動，建立蜜棗愛好者社群。\n5. 禮品與紀念品\n   - 每位學員可將自己製作的蜜棗點心帶回家。\n   - 贈送蜜棗小禮品，讓學員帶著美好回憶離開。\n注意事項：\n- 請穿著合適的戶外活動服裝及鞋子。\n- 學員需提前報名，額滿即止。\n這門課程將為學員提供一個豐富而愉悅的體驗，深入了解蜜棗的特性，同時學習製作各種美味的蜜棗點心。', 'cover12.jpg', 'img12.jpg', 1),
(13, 16, '生機農法-插秧體驗', 800, 20, 17, '2024-02-02', '2024-02-03', '00:00:00', '00:00:00', '活動介紹\r\n一、認識稻米稻子的一生\r\n1、春天插秧體驗。\r\n2、夏天割稻體驗。\r\n3、秋天及冬天採果，休耕農事體驗。\r\n活動目的\r\n1、讓小朋友認識在地農產品~稻米。\r\n2、了解自然農法對環境生態地助益。\r\n3、在稻米生產種植的農事活動中，體驗農夫地辛勞。\r\n二、認識稻米文化~米食DIY體驗\r\n1.石磨磨粿體驗\r\n2.手做米苔目米食DIY\r\n活動目的\r\n1.認識傳統米食的製作器具及方法\r\n2.提供小朋友的食農及食品安全的正確觀念\r\n三、農場餐點~傳統農村午餐\r\n1.自助式~割稻飯\r\n2.吃飽飽碗公飯\r\n活動目的\r\n1.食材得之不易,珍惜食物\r\n三、鴨子生態導覽解說\r\n1.鴨子生態觀察~按摩小鴨~母鴨孵蛋~餵大鴨\r\n2.撿鴨蛋體驗\r\n活動目的\r\n1.讓小朋友認識在地特色家禽~鴨子生態\r\n2.了解養鴨利用自然農法的益處\r\n3.接近小動物可陶冶小朋友性情\r\n四、手做紀念品：愛的榖粒~許願瓶DIY\r\n活動目的\r\n運用莊園裡收成的榖粒許下自己的願望,而後努力實現', 'cover13.jpg', 'img13.jpg', 1),
(14, 16, '收穫之喜-割稻體驗', 800, 20, 17, '0000-00-00', '0000-00-00', '00:00:00', '00:00:00', '割稻體驗\n金黃色稻田中，展現向下低垂且飽滿的稻穗，即為收成的季節。透過專人解說認識水稻的生命週期及栽培過程，並藉由實際參與割稻活動，親近農村生活、體會農作的辛苦\n一、材料器具：\n   - 遮陽帽、袖套 ( 或外套 )、球鞋 ( 可完整包覆腳部的鞋款皆可，若\n田間泥濘建議穿著雨鞋 )、鐮刀、長褲、毛巾、手\n體驗流程\n二、事前準備\n1. 於採收前 5-7 日進行稻田排水，以利收割作業。\n2. 進入田區前穿戴遮陽帽、長褲、袖套、球鞋、手套等衣物配件。將毛巾浸泡冷水後擰乾，披於頸部可防止後頸曬傷，亦可降低體溫以防中暑\n割稻流程\n1. 透過專人解說水稻栽培過程、生育時期及田間生態，並說明割稻流程。\n2. 取鐮刀，以彎曲處來回割取水稻植株基部 ( 約離地 10 公分處 )。\n3. 收集數把水稻後，使用打穀 ( 脫粒 ) 機將稻穗的穀粒與稻稈分離。\n4. 收集脫粒完成的稻穀進行採收後處理，稻稈則放置於田間曝曬\n知識引導\n一 水稻生育時期：\n可區分為秧苗期、營養生長期、生殖生長期、成熟期及收穫期，每個栽培時期皆需注意稻米的生長狀況，視情形施以適當肥料，並注意田間病蟲害防治及雜草管理。水稻各時期之栽培管理，皆為影響後續產量及品質的關鍵。\n二 水稻採收後處理：\n稻穀於田間脫粒後，為能妥善保存、維持良好品質並延長保存時間，須做好儲存管理，以利後續進行白米加工\n三 食用白米分級：\n加工完成之食用白米根據中華民國國家標準 (CNS) 分成三個等級，其評判標準包括所含被害粒、夾雜物、碎粒等受損米之比例，比例越低，品質越佳。可分為外觀品質最佳的一等米、次等的二等米及較差的三等米。標示優質或良質的白米，表示外觀品質規格達到 CNS 二等以上\n體驗學習重點\n1. 體會收割稻米的過程，並透過實際參與農事活動，了解水稻各生育階段之生長情形及注意事項。\n2. 認識水稻採收後處理及加工後之食用白米分級標準', 'cover14.jpg', 'img14.jpg', 1),
(15, 5, '點廢成金-自製有機堆肥', 400, 20, 4, '0000-00-00', '0000-00-00', '00:00:00', '00:00:00', '家庭堆肥達人課程\n歡迎加入我們的「家庭堆肥達人」課程，這是一場讓您學習如何運用家庭廚餘製作有機堆肥的實用指南。透過這堂課，您將成為綠色生活的倡導者，實現廢物轉寶的環保夢想。\n課程概述：\n這門課程旨在教導參與者如何運用家庭廚餘，製作高效、環保的有機堆肥。學員將學習基本的堆肥知識，包括選擇堆肥原料、堆肥桶的使用、堆肥過程中的注意事項，並了解有機堆肥如何回饋土壤，促進植物生長。透過實際的操作和互動，學員能夠在家中開始製作自己的有機堆肥，同時減少廚餘對環境的衝擊。\n課程亮點：\n1. 堆肥基礎知識： 了解堆肥的原理、過程和重要性，瞭解如何將廚餘轉化為有機肥料。\n2. 家庭廚餘篩選： 學習如何有效篩選和收集廚餘，選擇適合堆肥的食材，最大程度地減少家庭廢物。\n3. 堆肥材料平衡： 掌握不同堆肥材料的比例，了解如何達到堆肥的最佳湿度、通風和溫度。\n4. 實地操作： 在課程中實際動手參與堆肥過程，由專業講師示範，讓您親身體驗堆肥的樂趣。\n5. 堆肥應用： 學會如何應用有機堆肥於家庭花園或植物種植，提高土壤肥力並促進植物生長。\n課程內容：\n1. 堆肥基礎知識講座\n   - 介紹有機堆肥的基本原理和好處。\n   - 解釋堆肥過程中的微生物作用。\n   - 探討家庭廚餘如何轉化為富含營養的有機堆肥。\n2. 選擇堆肥原料\n   - 學習適合作為堆肥原料的廚餘和其他有機材料。\n   - 提供不同原料的特性及選擇方法。\n3. 堆肥桶的設置和管理\n   - 演示堆肥桶的選擇和設置方法。\n   - 教導堆肥桶的管理技巧，包括保持通風、保濕和攪拌。\n4. 實地操作\n   - 在課堂中實際進行堆肥的操作，由導師示範並與學員一同參與。\n   - 學員可攜帶自己的廚餘進行實際操作。\n5. 有機堆肥的應用\n   - 講解有機堆肥在園藝和種植中的應用。\n   - 分享有機堆肥的使用經驗和效果。\n6. 問答與交流時間\n   - 解答學員提出的問題。\n   - 學員間分享堆肥製作的心得和經驗。\n注意事項：\n請攜帶一些家庭廚餘樣本參與實地操作。這是一個適合所有年齡層參與的課程，無論您是環保愛好者還是初學者，都能從中獲得實用的技能和知識。\n加入我們的「家庭堆肥達人」課程，與我們一同為地球出一分力，將家庭廚餘變成寶貴的有機資源。期待與您共度綠色堆肥之旅！', 'cover15.jpg', 'img15.jpg', 1),
(16, 7, '在家種菜好好玩', 400, 20, 4, '0000-00-00', '0000-00-00', '00:00:00', '00:00:00', '城市家庭空間蔬菜種植實戰\n歡迎參加我們的「城市家庭空間蔬菜種植實戰」課程，這是一場專為城市居民打造的實用課程，讓您在有限的空間中，也能輕鬆享受種植蔬菜的樂趣，同時增加家庭的自給自足。\n課程概述：\n這門課程旨在教導參與者在有限的家庭空間（如陽台、頂樓或窗台）中，如何輕鬆且有效地種植自家蔬菜。透過實戰操作，學員將學習選擇適合空間的蔬菜種類、管理種植容器、提供適當的水分和陽光，以及採收成果的技巧。這門課程旨在激發學員熱愛種植、感受農耕樂趣，同時在有限空間中獲得新鮮、有機的蔬菜。\n課程亮點：\n1. 小空間利用： 學習如何在陽台、頂樓或窗台等有限空間，巧妙布局種植蔬菜，最大程度地利用家庭空間。\n2. 蔬菜選擇與種植： 掌握適合城市生活的蔬菜品種，了解如何選擇種子、育苗和移植，提高蔬菜的生長成功率。\n3. 容器栽培技巧： 學會在容器中進行栽培，選擇適合的盆栽、土壤和肥料，打造良好的種植環境。\n4. 照顧和管理： 掌握蔬菜生長的關鍵時期，學習澆水、施肥、防治病蟲害等基本管理技巧。\n5. 收穫和應用： 在課程中學會蔬菜的正確收穫方式，並了解如何在家中運用新鮮的蔬菜，打造美味的家庭料理。\n課程內容：\n1. 選擇適合家庭空間的蔬菜\n   - 講解適合在陽台、頂樓或窗台種植的蔬菜品種。\n   - 分享蔬菜的生長需求和適應性。\n2. 準備種植容器\n   - 教授如何選擇和配置種植容器，包括盆栽、垂直種植架等。\n   - 提供有機土壤和肥料的選擇建議。\n3. 蔬菜種植技巧\n   - 示範種植蔬菜的正確方法，包括種子播種和幼苗移植。\n   - 講解蔬菜的生長週期和管理技巧。\n4. 水分和陽光管理\n   - 學習如何正確澆水，以及避免過濕或缺水的問題。\n   - 講解蔬菜對陽光的需求，如何最大化陽光利用。\n5. 蔬菜疾病和害蟲防治\n   - 講解常見的蔬菜疾病和害蟲，提供防治的方法。\n   - 學習有機農法的簡單防治技巧。\n6. 蔬菜收穫和使用\n   - 示範蔬菜成熟的識別方法。\n   - 探討不同蔬菜的收穫技巧和保存方法。\n   - 分享簡單的蔬菜烹飪和食用建議。\n7. 問答與交流時間\n   - 解答學員提出的問題。\n   - 學員間分享種植心得和經驗。\n注意事項：\n報名費包含種子、苗栽、工具、容器等會遇到的物品，會員無須自備，請著輕便不怕髒的衣物。這是一個適合所有年齡層參與的課程，無論您是初學者還是經驗豐富的種植者，都能從中獲得實用的技能和知識。\n加入我們的「城市家庭空間蔬菜種植實戰」課程，一同在城市中感受種植的喜悅，享受屬於自己的綠色家園。期待與您共同開啟城市種植之旅！', 'cover16.jpg', 'img16.jpg', 1),
(17, 16, '魚菜共生', 400, 20, 4, '0000-00-00', '0000-00-00', '00:00:00', '00:00:00', '魚菜共生樂趣課程\n歡迎參加我們的「魚菜共生樂趣」課程，這是一場專為喜歡養魚和熱愛種植的您度身打造的課程。透過這堂課，您將同時擁有養魚的愉悅和自耕蔬菜的收成喜悅。\n課程概述：\n這門課程結合養魚和自耕蔬菜的概念，以魚菜共生為主軸，引導學員建立一個互相合作的生態系統。透過實地操作，學員將學到如何在家中打造一個具有養魚、種植蔬菜的環保、高效的農業系統。這不僅讓學員體驗到養魚和種菜的樂趣，更能夠同時收穫新鮮的魚肉和蔬菜，實現食材自給自足的理念。\n課程亮點： \n1. 養魚樂趣： 學習選擇適合家庭環境的魚種，了解魚類的基本飼養需求，享受觀賞和照顧魚兒的樂趣。\n2.水耕菜園： 掌握水耕種植的技巧，學會在魚缸周圍建立水耕菜園，實現魚菜共生的生態循環。\n3. 水質管理： 學習保持良好的水質，了解魚池和水耕系統的運作，確保魚和植物都能健康成長。\n4. 蔬菜收成： 在課程中親手參與種植蔬菜，體驗從種子發芽到收成的整個過程，感受耕種的成就感。\n5. 料理體驗： 學會如何將自家種植的蔬菜與養的魚結合，並在課程結束時一同享受美味的自家料理。\n課程內容：\n1. 魚菜共生基礎知識\n   - 介紹魚菜共生的基本原理和好處。\n   - 解釋魚池和植物種植區如何相互合作。\n2. 養魚系統建構\n   - 示範建立家庭用魚缸或水族箱。\n   - 教授基本的水質管理和魚類選擇。\n3. 植物種植區建置\n   - 教授在家中建立垂直種植區或蔬菜箱的方法。\n   - 講解不同蔬菜對水質的影響。\n4. 水質管理技巧\n   - 學習如何監測和調整水質，以維持良好的魚菜共生環境。\n   - 探討水質管理與植物健康的關聯。\n5. 養魚與植物的共生關係\n   - 講解養魚排泄物如何成為植物肥料的過程。\n   - 示範魚菜共生系統中生態循環的運作。\n6. 實地操作\n   - 在課堂中實際建立魚菜共生系統，由導師示範並與學員一同參與。\n   - 學員可攜帶一些基本的水族和蔬菜種子進行實際操作。\n7. 綜合管理與維護\n   - 學習日常的養魚和植物管理技巧。\n   - 提供故障排除和問題解決的方法。\n8. 收穫與品味\n   - 講解合適的收成時機，如何採收蔬菜。\n9. 問答與交流時間\n   - 解答學員提出的問題。\n   - 學員間分享養魚和種菜的心得和經驗。\n注意事項：\n請攜帶一些基本的飼養工具和種子參與實地操作。這是一個適合所有年齡層參與的課程，不論您是魚類愛好者、種植愛好者或是想要嘗試新事物的人，都能從中學到實用的技能和樂趣。\n加入我們的「魚菜共生樂趣」課程，與大家一同打造健康、有機的家庭生活。期待與您共同探索魚菜共生的美好世界！\n\n\n', 'cover17.jpg', 'img17.jpg', 1),
(18, 12, '蔬菜小醫生-初階病蟲與肥料管理', 400, 20, 4, '0000-00-00', '0000-00-00', '00:00:00', '00:00:00', '課程概述：\n這門課程旨在教導在家種植蔬菜的人們如何有效地管理病蟲害並掌握施肥時機。學員將學習如何辨識常見的蔬菜病蟲害，以及如何選擇合適的肥料並掌握施肥時機，從而保證蔬菜生長的健康與豐收。\n課程內容：\n主題一：蔬菜病蟲害管理\n1. 常見蔬菜病害辨識：\n   - 學習如何辨認常見的蔬菜病害，包括黃化、斑點、枯萎等常見症狀的來源及對應的病原。\n2. 常見蔬菜害蟲辨識：\n   - 介紹常見的蔬菜害蟲，如蟲蛀、蚜蟲、蝴蝶蟲等，以及它們造成的損害和辨識方法。\n3. 病蟲害防治方法：\n   - 探討病蟲害的預防和控制策略，包括有機方法、生物防治、化學防治等。\n4. 實際案例分享：\n   - 分享一些實際案例，介紹學員如何在家庭菜園中應對常見的病蟲害問題。\n主題二：蔬菜肥料管理\n1. 了解蔬菜的營養需求：\n   - 學習各種蔬菜對營養元素的需求，以及不同生長階段的需求變化。\n2. 常見肥料類型及選擇：\n   - 介紹有機肥料、化學肥料和礦物肥料的特性，以及如何根據需要選擇合適的肥料。\n3. 施肥時機與方法：\n   - 教授施肥的最佳時機，以及不同蔬菜種類的施肥方法，包括基肥和追肥。\n4. 肥料管理技巧：\n   - 提供管理肥料的技巧，包括如何避免過量施肥和肥料溶解速度的控制。\n主題三：實踐與討論\n1. 實地實踐：\n   - 安排實地實踐環節，讓學員親自體驗如何辨識病蟲害以及適當施肥。\n2. 問答討論：\n   - 與學員進行問答討論，解答他們在實踐中遇到的問題，並分享彼此的經驗和建議。\n結業項目：\n完成課程後，學員將能夠自信地在家中種植蔬菜，並有效地管理病蟲害，使植物健康成長。他們也將能夠選擇合適的肥料並掌握施肥時機，從而提高蔬菜的產量和品質。\n這門課程將通過理論講授、實地實踐和互動討論相結合的方式進行，以確保學員能夠全面理解和掌握所學知識。', 'cover18.jpg', 'img18.jpg', 1),
(19, 3, '健康生機料理', 400, 20, 4, '0000-00-00', '0000-00-00', '00:00:00', '00:00:00', '課程概述：\n這門課程旨在教導學員如何運用在家種植的蔬菜，以及市場上購買的蔬果和肉類，創作出既美味又營養豐富的各式料理。通過學習健康的料理技巧和食材組合，學員將能夠享受到美味的飲食同時保持健康生機。\n課程內容：\n主題一：健康飲食基礎\n1. 了解健康生機飲食：\n   - 介紹健康生機飲食的概念和原則，包括多元化食材、平衡營養和注重食材品質等。\n2. 營養成分概論：\n   - 深入探討蔬菜、水果、肉類等食材中的營養成分，以及它們對身體的重要性。\n主題二：蔬菜料理技巧\n1. 在家種植蔬菜選擇與收穫：\n   - 教授如何在家中種植蔬菜，以及選擇最佳的收穫時機。\n2. 蔬菜切配技巧：\n   - 學習如何將蔬菜進行切配，包括不同形狀和大小的切法，以及如何保留蔬菜的營養。\n3. 烹飪方法與調味：\n   - 探討不同的烹飪方法，如炒、煮、烤等，以及如何使用調味料增添菜餚的風味。\n主題三：市場食材運用\n1. 購買新鮮食材：\n   - 指導學員如何在市場選購新鮮的水果、肉類等食材，並注意品質和保存方式。\n2. 市場食材應用：\n   - 教授如何將市場購買的食材與在家種植的蔬菜相結合，創作出多樣化的料理。\n主題四：實踐與創作\n1. 實際料理練習：\n   - 安排實地料理練習，讓學員親自動手製作各種健康生機料理，並獲得導師指導和反饋。\n2. 創意料理比賽：\n   - 舉辦創意料理比賽，鼓勵學員發揮創造力，設計出獨特的健康生機料理。\n結業項目：\n完成課程後，學員將具備在家料理各種美味又營養的健康生機料理的能力。他們將能夠靈活運用在家種植的蔬菜和市場購買的食材，創作出令人驚艷的料理，同時享受到健康美味的飲食體驗。\n這門課程將結合理論講授、實地實踐和創意比賽等形式，以豐富的方式幫助學員掌握料理技巧和創作能力。', 'cover19.jpg', 'img19.jpg', 1),
(20, 18, '田園樂-開心農場', 400, 20, 4, '0000-00-00', '0000-00-00', '00:00:00', '00:00:00', '課程概述：\n這門課程提供了一個與自然親密接觸的機會，讓學員能夠在郊區的農田中親手體驗農作活動，從種植蔬果到收成，感受農耕生活的樂趣與成就感。\n課程內容：\n主題一：農場導覽與基礎知識\n1. 農場導覽：\n   - 導師將帶領學員參觀農場，介紹不同的農作物種植區域和基本設施。\n2. 農作基礎知識：\n   - 學習農作物的生長過程、種植技巧以及常見的農作物品種。\n主題二：蔬果種植與管理\n1. 選擇種植蔬果：\n   - 學員將根據季節和當地氣候選擇適合種植的蔬果，並了解其特性和需求。\n2. 實地種植操作：\n   - 在指導下，學員將親手參與蔬果的種植工作，包括準備土壤、播種、灌溉等步驟。\n3. 蔬果管理與護理：\n   - 學習如何管理和護理種植中的蔬果，包括除草、施肥、病蟲害防治等技巧。\n主題三：農作體驗與互動\n1. 農作體驗活動：\n   - 安排各種農作體驗活動，如收穫、整理農田、種植新苗等，讓學員親身體驗農耕生活的樂趣。\n2. 農事互動工作坊：\n   - 舉辦農事互動工作坊，讓學員在團隊合作中學習農作技巧，加深對農業的理解和認識。\n主題四：收成與成果分享\n1. 蔬果收成：\n   - 學員將參與蔬果的收成工作，親自品嚐自己親手種植的農產品。\n2. 成果分享與討論：\n   - 舉辦成果分享活動，讓學員分享自己的農作體驗和心得，互相交流學習。\n結業項目：\n完成課程後，學員將具備基本的農作技能和知識，並體驗到農耕生活的樂趣和成就感。他們也將學會欣賞農產品的價值和重要性，並加深對自然的尊重和感激之情。\n這門課程將以實地操作和互動體驗為主，通過實際參與農作活動，讓學員深入了解農業的本質和體驗農耕生活的魅力。', 'cover20.jpg', 'img20.jpg', 1),
(21, 2, '溫浩雲', 123, 321, 18, '2024-02-06', '2024-02-06', '18:24:00', '21:24:00', 'fsdfsdfdsfd', 'add1707121505.jpg', 'add1707121505.jpg', 1),
(22, 1, '123', 123, 321, 4, '2024-02-09', '2024-02-17', '12:21:00', '12:24:00', '536875364', 'update1707193243.png', 'update1707193243.png', 0),
(23, 4, '做果醬', 1103, 333, 19, '2024-02-10', '2024-02-10', '14:59:00', '15:01:00', '5684561561', 'update1707202734.jpg', 'add1707202711.jpg', 0);

-- --------------------------------------------------------

--
-- 資料表結構 `lecture_location`
--

CREATE TABLE `lecture_location` (
  `id` int(10) UNSIGNED NOT NULL,
  `name` varchar(50) CHARACTER SET utf8mb4 COLLATE utf8mb4_unicode_ci NOT NULL
) ENGINE=InnoDB DEFAULT CHARSET=utf8mb4 COLLATE=utf8mb4_general_ci;

--
-- 傾印資料表的資料 `lecture_location`
--

INSERT INTO `lecture_location` (`id`, `name`) VALUES
(1, '臺北市'),
(2, '新北市'),
(3, '基隆市'),
(4, '桃園市'),
(5, '新竹縣'),
(6, '苗栗縣'),
(7, '臺中市'),
(8, '彰化縣'),
(9, '南投縣'),
(10, '雲林縣'),
(11, '嘉義縣'),
(12, '臺南市'),
(13, '高雄市'),
(14, '屏東縣'),
(15, '臺東縣'),
(16, '花蓮縣'),
(17, '宜蘭縣'),
(18, '澎湖縣'),
(19, '金門縣'),
(20, '連江縣');

-- --------------------------------------------------------

--
-- 資料表結構 `order`
--

CREATE TABLE `order` (
  `id` int(6) UNSIGNED NOT NULL,
  `date` datetime NOT NULL,
  `remark` datetime NOT NULL,
  `user_id` varchar(1000) NOT NULL,
  `product_id` varchar(1000) NOT NULL,
  `order_status` int(4) NOT NULL
) ENGINE=InnoDB DEFAULT CHARSET=utf8mb4 COLLATE=utf8mb4_general_ci;

--
-- 傾印資料表的資料 `order`
--

INSERT INTO `order` (`id`, `date`, `remark`, `user_id`, `product_id`, `order_status`) VALUES
(1, '2024-02-01 13:53:57', '0000-00-00 00:00:00', '5', '1', 6),
(2, '2024-02-06 00:29:38', '0000-00-00 00:00:00', '5', '200', 2),
(3, '2024-02-02 00:29:38', '0000-00-00 00:00:00', '43', '91', 2);

-- --------------------------------------------------------

--
-- 資料表結構 `order_products`
--

CREATE TABLE `order_products` (
  `id` int(10) UNSIGNED NOT NULL,
  `order_id` varchar(1000) NOT NULL,
  `product_id` varchar(1000) NOT NULL,
  `amount` varchar(1000) NOT NULL
) ENGINE=InnoDB DEFAULT CHARSET=utf8mb4 COLLATE=utf8mb4_general_ci;

--
-- 傾印資料表的資料 `order_products`
--

INSERT INTO `order_products` (`id`, `order_id`, `product_id`, `amount`) VALUES
(1, '1', '45', '1'),
(2, '1', '20', '1');

-- --------------------------------------------------------

--
-- 資料表結構 `order_status`
--

CREATE TABLE `order_status` (
  `id` int(6) NOT NULL,
  `name` varchar(50) CHARACTER SET utf8mb4 COLLATE utf8mb4_unicode_ci NOT NULL
) ENGINE=InnoDB DEFAULT CHARSET=utf8mb4 COLLATE=utf8mb4_general_ci;

--
-- 傾印資料表的資料 `order_status`
--

INSERT INTO `order_status` (`id`, `name`) VALUES
(1, '取消訂單'),
(2, '下訂完成'),
(3, '確認訂單'),
(4, '整貨中'),
(5, '已出貨'),
(6, '訂單完成');

-- --------------------------------------------------------

--
-- 資料表結構 `primary_category`
--

CREATE TABLE `primary_category` (
  `id` int(6) UNSIGNED NOT NULL,
  `name` varchar(50) CHARACTER SET utf8mb4 COLLATE utf8mb4_unicode_ci NOT NULL,
  `valid` tinyint(4) UNSIGNED NOT NULL
) ENGINE=InnoDB DEFAULT CHARSET=utf8mb4 COLLATE=utf8mb4_general_ci;

--
-- 傾印資料表的資料 `primary_category`
--

INSERT INTO `primary_category` (`id`, `name`, `valid`) VALUES
(1, 'seeds', 1),
(2, 'seedings', 1),
(3, 'agrochemical', 1),
(4, 'materials', 1),
(5, 'fertilizers', 1),
(6, 'books', 1),
(7, 'others', 0),
(8, '3434', 0),
(9, '4', 0),
(10, '1234', 0),
(11, '1', 0),
(12, 'test4', 1),
(13, 'test5', 0);

-- --------------------------------------------------------

--
-- 資料表結構 `product`
--

CREATE TABLE `product` (
  `id` int(6) UNSIGNED NOT NULL,
  `name` varchar(30) CHARACTER SET utf8mb4 COLLATE utf8mb4_unicode_ci NOT NULL,
  `price` int(6) NOT NULL,
  `amount` int(3) NOT NULL,
  `description` varchar(100) CHARACTER SET utf8mb4 COLLATE utf8mb4_unicode_ci NOT NULL,
  `change` datetime NOT NULL,
  `category` int(10) UNSIGNED NOT NULL,
  `secondary_category` int(5) UNSIGNED NOT NULL,
  `cover` varchar(50) CHARACTER SET utf8mb4 COLLATE utf8mb4_unicode_ci NOT NULL,
  `img` varchar(50) CHARACTER SET utf8mb4 COLLATE utf8mb4_unicode_ci NOT NULL,
  `valid` tinyint(4) UNSIGNED NOT NULL
) ENGINE=InnoDB DEFAULT CHARSET=utf8mb4 COLLATE=utf8mb4_general_ci;

--
-- 傾印資料表的資料 `product`
--

INSERT INTO `product` (`id`, `name`, `price`, `amount`, `description`, `change`, `category`, `secondary_category`, `cover`, `img`, `valid`) VALUES
(1, '初雪 (\'EarliSnow\')', 200, 16, '獨家！首個早熟品種。\n\n在春季和秋季試驗中表現出色。比雪之冠更早熟、更一致、更可靠。中等大小的植株，包裹度平均。適應性廣泛。', '0000-00-00 00:00:00', 1, 1, 'Pc2401260932.jpg', 'Pi2401260932.jpg', 1),
(2, '雪之冠 (\'Snow Crown\')', 250, 27, '標準的早熟品種。\n\n這個雜交品種表現出不尋常的幼苗活力。無論是在夏季還是秋季收穫，都能獲得優質、中等大小的花頭。對於霜害具有良好的耐受性。AAS獲獎者。注意：在受到肥力或濕潤壓力的情況下，所有花椰菜，', '0000-00-00 00:00:00', 1, 1, 'Pc2401260933.jpg', 'Pi2401260933.jpg', 1),
(3, '合悅(\'Synergy\')', 200, 77, '適應性強的中期品種。\n\n強壯的大型植株產生大而圓頂的花頭。在秋季試驗中表現特別出色，也適合春季生產。', '0000-00-00 00:00:00', 1, 1, 'Pc2401260934.jpg', 'Pi2401260934.jpg', 1),
(4, '小柑橘(\'Clementine\')', 250, 43, '充滿活力的橙色。\n\n我們最明亮的橙色花椰菜。強壯的大型植株即使在不太理想的條件下也能產生優秀的作物。在我們的試驗中，是最早成熟的橙色品種。適合夏季和秋季收穫。\n', '0000-00-00 00:00:00', 1, 1, 'Pc2401260935.jpg', 'Pi2401260935.jpg', 1),
(5, '紫月(\'Purple Moon\')', 300, 15, '新品！極早熟的紫色花椰菜。\n\n第一個上市的極早熟紫色花椰菜！非常吸引人的中深色紫色花頭。在溫暖天氣中表現最佳的我們最好的紫色品種，同時也是一個出色的秋季作物。適應性廣泛。', '0000-00-00 00:00:00', 1, 1, 'Pc2401260936.jpg', 'Pi2401260936.jpg', 1),
(6, '薰衣草(\'Lavender\')', 300, 47, '圓頂、紫色的花頭。\n\n迷人的亮紫色小花使其成為沾醬拼盤的絕佳選擇。秋季的莖部呈美麗的中紫色，春季則較淡。此品種的花頭更亮麗的紫色，頂部稍微更大。最適合秋季種植，但也可以成功地在夏季種植', '0000-00-00 00:00:00', 1, 2, 'Pc2401260937.jpg', 'Pi2401260937.jpg', 1),
(7, '綠活(\'Vitaverde\')', 300, 24, '適合涼爽和溫暖天氣生產。\n\n大而沉重的綠色葉頭早熟，生長在大型植株上。可用於傳統的秋季收穫，也適用於在溫和炎熱地區進行夏季生產，以及在氣候溫和的地區進行冬季生產。', '0000-00-00 00:00:00', 1, 1, 'Pc2401260938.jpg', 'Pi2401260938.jpg', 1),
(8, '薇若妮卡(\'Veronica\')', 180, 44, '螺旋狀的花頭。\n\n花頭呈酸橙綠色，帶有尖頂的螺旋狀尖塔。最適合夏季種植，以便在秋季或溫暖氣候的中冬季收穫。將植株間距設為18英寸，以確保植物有足夠的空間。味道略帶堅果味，比白色品種更美味。獲得美國農業', '0000-00-00 00:00:00', 1, 1, 'Pc2401260939.jpg', 'Pi2401260939.jpg', 1),
(9, '懷特克(\'Whitaker\')', 150, 92, '新品！第一個白色雜交羅曼頌！\n\n具有完美的螺旋圖案。與標準的綠色品種相似，僅在顏色上有所不同。建議夏季和秋季收穫。植株較大且堅固。注意：在肥力和/或乾旱壓力下，花頭可能呈現輕微的綠色色調。', '0000-00-00 00:00:00', 1, 2, 'Pc2401260940.jpg', 'Pi2401260940.jpg', 1),
(10, '焰星(\'Flame Star\')', 120, 62, '改良的耐熱性，呈淡橙色的花椰菜。\n\n在春季和秋季試驗中表現出色。植株中等至大型。呈淡橙色，對熱量和壓力有更好的耐受性。', '0000-00-00 00:00:00', 1, 1, 'Pc2401260941.jpg', 'Pi2401260941.jpg', 1),
(11, '柏格姆之翠(\'Bergam\'s Green\')', 180, 14, '可靠的標準大小綠葉生菜。帶有符合NOP標準的有機種子包覆。\n\n具有深綠色波浪狀葉邊的葉子。均勻而緊密的葉頭產量豐富，風味鮮美。適用於春季、夏季和秋季收穫。適應性廣泛。', '0000-00-00 00:00:00', 1, 4, 'Pc2401260942.jpg', 'Pi2401260942.jpg', 1),
(12, '翠綠森(\'Green Forest\')', 150, 50, '我們最迷人的綠色蘿蔓生菜。帶有符合NOP標準的傳統種子包覆。\n\n早熟、高大且深綠。生長緩慢，莖幹平滑，因此在包裝和處理過程中損壞很少。適用於田地或溫室的常規和水培系統生產。對頂燒具有耐受性。', '0000-00-00 00:00:00', 1, 4, 'Pc2401260943.jpg', 'Pi2401260943.jpg', 1),
(13, '紅羅茜(\'Red Rosie\')', 350, 23, '獨家！鮮艷的草莓紅色小白菜。\n\n12英寸高的植株呈瓶狀，擁有明亮的紅色葉子和略帶綠紅色的莖。適用於與綠色或白色莖的小白菜混合包裝。也非常適合作為嫩葉食用。', '0000-00-00 00:00:00', 1, 4, 'Pc2401260944.jpg', 'Pi2401260944.jpg', 1),
(14, '葛雷澤恩(\'Grazion\')', 100, 62, '優秀的抗病性，表現出色。\n\n生長緩慢的綠葉，形成沉重而吸引人的葉頭，葉片呈深綠色，邊緣波浪狀。具更好的抗病性，更深的葉片和更沉重的葉頭。還提供符合NOP標準的種子包覆。', '0000-00-00 00:00:00', 1, 1, 'Pc2401260945.jpg', 'Pi2401260945.jpg', 1),
(15, '新紅火(\'New Red Fire\')', 250, 44, '具有耐熱性的紅葉生菜。帶有符合NOP標準的有機種子包覆。\n\n生長相對緩慢，但產生了均勻而沉重的葉頭，葉片色彩鮮豔且有波浪狀。', '0000-00-00 00:00:00', 1, 1, 'Pc2401260946.jpg', 'Pi2401260946.jpg', 1),
(16, '陽光之地(\'Sunland\')', 160, 54, '新品！耐熱的蘿蔓生菜，適用於形成葉頭和心。帶有符合NOP標準的傳統種子包覆。\n\n更早成熟且植株更緊密，葉片更厚，波浪狀更明顯。經選擇以適應夏季生長，提高了產量和一致性。保持直立的肋骨和緊湊、清潔的底部', '0000-00-00 00:00:00', 1, 1, 'Pc2401260947.jpg', 'Pi2401260947.jpg', 1),
(17, '赤紅之空(\'Ruby Sky\')', 220, 74, '我們最豐產的紅葉生菜。\n\n密實、沉重的葉頭和良好的田間保持使得這種全季節的紅葉生菜成為一種可靠的標準品種。波浪狀的葉子在頂端呈濃烈的紫紅色，基部內側呈綠色。具有對底部腐爛具有良好的耐受性。生長整齊，整', '0000-00-00 00:00:00', 1, 2, 'Pc2401260948.jpg', 'Pi2401260948.jpg', 1),
(18, '米洛(\'Mirlo\')', 280, 90, '具有抗病性的大型鮮綠色奶油生菜，有符合NOP標準的有機種子包覆。\n\n有填實但同時保持開放的趨勢，創造了比形成緊密葉頭的品種更長的收穫期。鮮綠的顏色使得這個品種看起來比傳統的淺綠色波士頓類型更加\"新鮮\"', '0000-00-00 00:00:00', 1, 2, 'Pc2401260949.jpg', 'Pi2401260949.jpg', 1),
(19, '斯凱佛斯(\'Skyphos\')', 270, 87, '最適應性廣泛的奶油生菜。\n\n美麗、大型、深紅色的葉頭，與綠色的中心形成明顯對比。味道和質地都極佳。最確定形成紅色奶油生菜頭的品種。已獲得實用專利。還提供符合NOP標準的種子包覆。', '0000-00-00 00:00:00', 1, 2, 'Pc2401260950.jpg', 'Pi2401260950.jpg', 1),
(20, '薩維烏斯(\'Salvius\')', 310, 10, '不易抽薹，適應性廣泛。帶有符合NOP標準的傳統種子包覆。\n\n中綠色，直立生長的植株。開放的生長習性使其更適合形成葉頭。味道鮮美，質地爽脆。已獲得實用專利。', '0000-00-00 00:00:00', 1, 2, 'Pc2401260951.jpg', 'Pi2401260951.jpg', 1),
(21, '李察(\'King Richard\')', 120, 16, '非常早熟和巨大。\n\n美麗的標準大小的韭蔥。在有利的土壤和栽培條件下，白色的莖部長達一英尺以上，到第一片葉子。中綠色的葉子，生長濃密。如果種植密集（每英尺40顆種子），可以在指頭大小時收穫，稱為嫩蔥。雖', '0000-00-00 00:00:00', 1, 2, 'Pc2401260952.jpg', 'Pi2401260952.jpg', 1),
(22, '塔多納(\'Tadorna\')', 150, 40, '最可靠的秋季開放授粉韭蔥。\n\n這是一個生長旺盛的品種，生產中長的白色莖部和對比鮮明的非常深的藍綠色葉片。能夠在秋季/冬季進行田間收穫，並在溫和的氣候中越冬。對葉片疾病有適度的抗性。獲得美國農業部有機認', '0000-00-00 00:00:00', 1, 2, 'Pc2401260953.jpg', 'Pi2401260953.jpg', 1),
(23, '科曼奇(\'Comanche\')', 190, 83, '精緻、長莖的韭蔥。\n\n美麗的莖部可以達到令人印象深刻的長度，葉片呈中等的藍綠色。其直立的植株習性使得耕作更加容易。也提供有機種子。', '0000-00-00 00:00:00', 1, 2, 'Pc2401260954.jpg', 'Pi2401260954.jpg', 1),
(24, '跳躍者(\'Jumper\')', 210, 1, '省力的、直立的品種。\n\n非常直立的葉片使得葉子遠離地面，這樣做有助於更容易的耕作、更好的植株健康狀態，以及在清洗站更為乾淨的葉子。精緻的莖部，極少球莖，方便剝皮。', '0000-00-00 00:00:00', 1, 3, 'Pc2401260955.jpg', 'Pi2401260955.jpg', 1),
(25, '奧斯陸 OG (\'Oslo\' OG)', 220, 38, '新品！高質量的有機秋季韭蔥。\n\n這是一種選擇的品種，可結束或延長你的韭蔥季節。在晚秋到冬季成熟，可以在溫暖的氣候中越冬。健康、寬大、深藍色的葉子。粗壯的莖部沒有球莖，容易剝皮和清理。高產量。貯存性能良', '0000-00-00 00:00:00', 1, 3, 'Pc2401260956.jpg', 'Pi2401260956.jpg', 1),
(26, '強盜 OG(\'Bandit\' OG)', 270, 24, '非常耐寒的開放授粉韭蔥。\n\n擁有美麗的、非常深的藍綠色、直立的葉片和良好的均勻性。莖部生長非常厚實，幾乎沒有球莖。注意：為了方便播種，種子被塗上了一層無機、符合NOP標準的膜。獲得美國農業部有機認證。', '0000-00-00 00:00:00', 1, 3, 'Pc2401260957.jpg', 'Pi2401260957.jpg', 1),
(27, '庫卡布拉(\'Kookaburra\')', 100, 2, '快速生長的半波浪狀，適用於初春和秋天。\n\n直立的品種，便於收穫嫩葉和完整大小的葉子。吸引人的深綠色、橢圓形的葉片。味道極佳。', '0000-00-00 00:00:00', 1, 3, 'Pc2401260958.jpg', 'Pi2401260958.jpg', 1),
(28, '蘭吉托托(\'Rangitoto\')', 80, 59, '新品！能在冬季時，於隧道式溫室中快速且直立的生長。\n\n均勻的明亮綠葉生長在高大而直立的莖上。有光澤、圓形且凹曲。最適合在秋季、冬季和初春種植。', '0000-00-00 00:00:00', 1, 4, 'Pc2401260959.jpg', 'Pi2401260959.jpg', 1),
(29, '陽光天使(\'Sunangel\')', 80, 28, '具良好露菌病抗性的波浪狀菠菜。\n\n在速度、深色、波浪狀和抗開花方面取得了良好的平衡，可以在整個一年中進行豐富的收穫。在冬季隧道中非常高效。均勻而直立，葉片比傳統的波浪狀品種更為凹曲。', '0000-00-00 00:00:00', 1, 4, 'Pc2401260960.jpg', 'Pi2401260960.jpg', 1),
(30, '改良火烈鳥(\'Flamingo Improved\')', 60, 35, '亞洲葉型，適用於早春和秋天的收穫。\n\n獨特的箭頭形狀。均勻、光滑、中綠色的葉片生長在非常長的莖上。是成束收成的絕佳選擇。', '0000-00-00 00:00:00', 1, 3, 'Pc2401260961.jpg', 'Pi2401260961.jpg', 1),
(31, '蜥蜴(\'Lizard\')', 80, 55, '春夏季用的生長緩慢、深綠色菠菜。\n\n直立而緊湊的植株上生長著光滑、圓形的葉片。植株豐滿，葉片厚實，產量高。優秀的再生能力。', '0000-00-00 00:00:00', 1, 1, 'Pc2401260962.jpg', 'Pi2401260962.jpg', 1),
(32, '花谷(\'Bloomsdale\')', 120, 46, '春秋季用的開放式採種莎蔬。\n\n直立的植株上生長的中深綠色葉片使Bloomsdale容易收穫。葉片極為波浪狀。適用於早春和秋天的種植，因為生長速度較快。適合完整大小和成束收成。味道極佳。非定型種子。', '0000-00-00 00:00:00', 1, 3, 'Pc2401260963.jpg', 'Pi2401260963.jpg', 1),
(33, '海濱(\'Seaside\')', 90, 20, '春夏季用的生長緩慢品種。\n\n擁有直立的深綠色葉片，呈鏟形。保持較小的體型，延長嫩葉的收穫期。', '0000-00-00 00:00:00', 1, 2, 'Pc2401260964.jpg', 'Pi2401260964.jpg', 1),
(34, '紅色虎斑(\'Red Tabby\')', 70, 72, '春夏季用的紅葉菠菜。\n\n深綠色的葉片，明亮的紅色葉脈，以及角形的葉片形狀形成了一種引人注目的組合。垂直的習性和均勻的生長使得在任何生長階段都能輕鬆收成。', '0000-00-00 00:00:00', 1, 1, 'Pc2401260965.jpg', 'Pi2401260965.jpg', 1),
(35, '歡愉菜(Joi Choi)', 150, 65, '厚實、生長旺盛的白莖小白菜。\n\n該品種形成一株12-15英寸高的、寬大、沉重的植株，擁有深綠色的葉子和厚厚的、扁平的白色葉柄。對熱和寒冷具有良好的耐受性。植株間距建議為10-12英寸。', '0000-00-00 00:00:00', 1, 1, 'Pc2401260966.jpg', 'Pi2401260966.jpg', 1),
(36, '黑夏(Black Summer)', 120, 72, '獨家！美麗的深綠色小白菜。\n\n寬大、扁平的淺綠色葉柄頂部帶有橢圓形的深綠色葉片。最適合完整大小，但也適用於迷你葉頭。尺寸稍微較小（10-12英寸），是白莖的理想食用時機，缺點是生長緩慢。', '0000-00-00 00:00:00', 1, 1, 'Pc2401260967.jpg', 'Pi2401260967.jpg', 1),
(37, '雙贏菜(Win-Win Choi)', 300, 15, '於完整或中等大小的葉頭為最佳食用時機。\n\n這種白莖的瓶形小白菜體積龐大且均勻。高10-12英寸。與Joi Choi相似，只是稍微更小更緊湊。', '0000-00-00 00:00:00', 1, 1, 'Pc2401260968.jpg', 'Pi2401260968.jpg', 1),
(38, '美慶菜(Mei Qing Choi)', 150, 1, '於完整或中等大小的葉頭為最佳食用時機。\n\n扁平、淡淡的、霧綠色的莖形成了一個厚實、沉重的底部，上面有寬大、橢圓形、深綠色的葉子。完全成熟時，這種緊湊的、花瓶形狀的植物約8-10英寸高，但在幼年時也呈現', '0000-00-00 00:00:00', 1, 1, 'Pc2401260969.jpg', 'Pi2401260969.jpg', 1),
(39, '立仁菜(Li Ren Choi)', 450, 67, '最適合嫩葉小白菜。\n\n與大多數綠色莖小白菜不同，這種小白菜在真正的嫩葉大小時頭部是比例適中且飽滿的。這種較小的大小使得廚房準備更加迅速——只需將其切成一半或四分之一即可進行烹飪。僅適用於迷你頭部的生產', '0000-00-00 00:00:00', 1, 1, 'Pc2401260970.jpg', 'Pi2401260970.jpg', 1),
(40, '翠綠河(Green River)', 400, 48, '新品！垂直生長、精緻的小白菜，適用於成束和嫩葉。\n\n生長緩慢的植株，擁有深綠色的葉子和長而狹窄的葉柄。葉片在嫩葉階段保持，使得收成期間延長。小白菜類似於塔菜，但質地更加緊密，不太多汁。在日本傳統上，可', '0000-00-00 00:00:00', 1, 2, 'Pc2401260971.jpg', 'Pi2401260971.jpg', 1),
(41, '宿敵(Nemesis)', 200, 94, '新品！引人注目的紅葉芝麻菜。\n\n精緻的葉片具有深深而均勻的裂縫和細緻的紅色葉脈。令人印象深刻的紅色表現型和穩定性，是我們試驗中見過的最好之一。適當疏苗將促進葉面有更好的顏色。', '0000-00-00 00:00:00', 1, 2, 'Pc2401260972.jpg', 'Pi2401260972.jpg', 1),
(42, '餘火(Ember)', 150, 60, '新品！明亮的綠葉，帶有紫色的葉脈和莖。\n\n更加精緻的品種，但在其他方面與其替代品種非常相似。在溫室中種植時，顏色會變得較為柔和。', '0000-00-00 00:00:00', 1, 2, 'Pc2401260973.jpg', 'Pi2401260973.jpg', 1),
(43, '芝麻菜(Arugula)', 120, 59, '新品！引人注目的紅葉芝麻菜。\n\n精緻的葉片具有深深而均勻的裂縫和細緻的紅色葉脈。在我們的試驗中，展現出令人印象深刻的紅色表現型和穩定性，是我們見過的最好之一。稀疏的植株將促進更好的紅色發展。', '0000-00-00 00:00:00', 1, 1, 'Pc2401260974.jpg', 'Pi2401260974.jpg', 1),
(44, '寶百菜(Bopak)', 130, 36, '有機白莖小白菜。\n\n生長出高大、沉重、華麗、樣子完整的白莖小白菜。味道溫和、多汁，非常美味。其葉頭比歡愉菜更加均勻和吸引人。獲得美國園藝協會區域獎（東北、五大湖區、山區/西南）。獲得美國農業部有機認證', '0000-00-00 00:00:00', 1, 1, 'Pc2401260975.jpg', 'Pi2401260975.jpg', 1),
(45, '艾思美(Esmee)', 180, 25, '美麗的橡樹葉型。\n\n深深刻痕且波浪狀，呈圓形的橡樹葉。在袋子和盤子中增加了蓬鬆感。優秀的、溫和的風味。獲得美國農業部有機認證。', '0000-00-00 00:00:00', 1, 1, 'Pc2401260976.jpg', 'Pi2401260976.jpg', 1),
(46, '水菜(Mizuna)', 250, 96, '生長迅速，具有溫和風味的經典水菜。\n\n這是一種來自日本的傳統十字花科蔬菜，以其迅速的生長、高產、溫和的風味和具有辨識度的鋸齒狀葉片而受到讚賞。獲得美國農業部有機認證。', '0000-00-00 00:00:00', 1, 2, 'Pc2401260977.jpg', 'Pi2401260977.jpg', 1),
(47, '赤雲(Red Cloud)', 120, 58, '獨家！深紅色的混合型塔菜。\n\n非常均勻而直立，擁有美麗的凹曲圓葉。味道溫和，顏色濃郁，質地多汁爽脆。保持嫩葉大小，延長收成期。也可以種植到完全成熟的大小，與品種香菌搭配成為引人注目的一束。對於完全成熟', '0000-00-00 00:00:00', 1, 1, 'Pc2401260978.jpg', 'Pi2401260978.jpg', 1),
(48, '小白菜(Tatsoi)', 120, 60, '經濟實惠的有機開放授粉塔菜品種。\n\n圓形、輕輕凹曲的綠葉，帶有明亮的白色、脆脆的多汁莖。味道溫和。最容易開花結籽的塔菜品種。獲得美國農業部有機認證。', '0000-00-00 00:00:00', 1, 2, 'Pc2401260979.jpg', 'Pi2401260979.jpg', 1),
(49, '紅馬拉巴菠菜(Red Malabar Spinach)', 130, 72, '喜熱環境的品種。\n\n強勁的攀爬藤在夏季到秋季生長茂盛。光滑、厚實、皺曲的葉片與菠菜相似。深綠色的葉片和深紅/紫色的莖。味道溫和，類似瑞士甜菜。在沙拉或炒菜中適量使用葉片和嫩莖。', '0000-00-00 00:00:00', 1, 1, 'Pc2401260980.jpg', 'Pi2401260980.jpg', 1),
(50, '香菌(Koji)', 160, 95, '深綠色的混合型塔菜。\n\n呈碗狀的厚葉，美麗地皺曲，生長在長而優雅的莖上。耐高溫和耐寒，適合全季節生產。味道溫和，質地爽脆。種植時植株間距為12英寸，以便形成完整的葉頭。', '0000-00-00 00:00:00', 1, 1, 'Pc2401260981.jpg', 'Pi2401260981.jpg', 1),
(51, '翠浪(Green Wave)', 50, 20, '我們最辣的綠芥菜。\n\n鮮綠色的寬葉，邊緣緊密呈波浪狀，味道辛辣，具有芥末風味。密植植株，使得葉片保持適當的嫩葉大小，使葉柄拉長，方便收穫。獲得美國園藝協會獎。獲得美國農業部有機認證。', '0000-00-00 00:00:00', 1, 1, 'Pc2401260982.jpg', 'Pi2401260982.jpg', 1),
(52, '赤彩華(Red Splendor)', 150, 63, '深橡木紅色的葉片，適合插花和裝飾花園。\n\n裝飾性極高，葉片深裂，呈楓葉狀，色澤豐富，樹枝堅固。非常適合用於晚夏和秋季的花藝裝飾。主要用於切花插花的葉片，這種耐旱和耐熱的植株也適合種植在容器中和園藝景觀', '0000-00-00 00:00:00', 1, 1, 'Pc2401260983.jpg', 'Pi2401260983.jpg', 1),
(53, '紅寶菜脈(Ruby Streaks)', 160, 17, '細緻深裂的深綠和栗色葉片。\n\n細緻、深深劃破的葉片。顏色從深綠色搭配紅色葉脈到深栗色，如果在不使用行蓋和較冷的天氣下種植，栗色會更深。風味溫和，略帶辛辣。獲得美國農業部有機認證。', '0000-00-00 00:00:00', 1, 1, 'Pc2401260984.jpg', 'Pi2401260984.jpg', 1),
(54, '逐風(Runaway)', 320, 35, '結球型芝麻菜的迅速生長，帶有野芝麻菜的深裂外觀。味道溫和，帶有堅果和胡椒的風味。', '0000-00-00 00:00:00', 1, 1, 'Pc2401260985.jpg', 'Pi2401260985.jpg', 1),
(55, '羅茜(Rosie)', 430, 78, '獨家！鮮豔的草莓紅色小白菜。\n\n高12英寸的植株呈花瓶狀，擁有鮮紅色的葉子和帶有綠紅色的莖。適合與綠色或白色莖小白菜混合包裝。同時也是嫩葉的絕佳選擇。', '0000-00-00 00:00:00', 1, 1, 'Pc2401260986.jpg', 'Pi2401260986.jpg', 1),
(56, '東京白芥菜(Tokyo Bekana)', 230, 33, '生長迅速，適合混合搭配，呈現出極佳的色彩對比。\n\n這款獨特的金黃色葉片，擁有褶皺的質地，為沙拉混合物增添了鬆軟感和色彩的亮點。這種非結球的中國白菜擁有奶油般的葉片，帶有脆脆的肋骨和溫和的風味。在完全成', '0000-00-00 00:00:00', 1, 1, 'Pc2401260987.jpg', 'Pi2401260987.jpg', 1),
(57, '貝蕾吉雅(Bellezia)', 120, 48, '直立生長的深綠葉植株。\n\n葉片比Sylvetta更深綠，更深裂，味道也更辛辣。此外，植株更加直立，更易於收穫。\n\n可食用花朵：當黃色的花朵出現時進行收穫。可撒在沙拉上或添加到炒蔬菜中。其風味辛辣而堅果', '0000-00-00 00:00:00', 1, 2, 'Pc2401260988.jpg', 'Pi2401260988.jpg', 1),
(58, '維特(Vit)', 230, 99, '冬季沙拉的鹿角菜。\n\n這個多才多藝、強勁、抗黴菌的品種在一年當中蔬菜變得稀缺的時候表現出色。長而橢圓形的光滑綠葉形成緊密的花朵狀。味道溫和，略帶堅果風味，也有淡淡的玫瑰香氣。也被稱為鹿角菜、羊齒菜和玉', '0000-00-00 00:00:00', 1, 2, 'Pc2401260989.jpg', 'Pi2401260989.jpg', 1),
(59, '山葵娜(Wasabina)', 120, 82, '嫩滑而多汁，味道溫和。\n\n寬大、鮮綠的葉片，邊緣深深波浪狀，柔軟而嫩滑，質感極佳。生長緩慢。味道帶有甜味和輕微的辛辣風味。密植植株，以保持葉片適當的嫩葉大小，使葉柄拉長，方便收穫。', '0000-00-00 00:00:00', 1, 2, 'Pc2401260990.jpg', 'Pi2401260990.jpg', 1),
(60, '美洲水菜(Miz America)', 150, 91, '特別深紅色，深裂的葉片。\n\n嬌嫩、有齒狀的葉片在兩側都呈深紅色，為沙拉混合物增添了引人注目的色彩。葉片大小和形狀均勻，味道溫和。', '0000-00-00 00:00:00', 1, 1, 'Pc2401260991.jpg', 'Pi2401260991.jpg', 1),
(61, '卡爾頓(Carlton)', 190, 34, '獨家！極深綠色的小白菜。\n\n植株緊湊，具有良好的耐熱和耐寒能力。比自由授粉品種更具均勻性和高產量。在日本傳統上，可以蒸熟並用醬油調味，或者用於炒菜和湯中。它還可以燉煮，或者在嫩葉階段用於沙拉。', '0000-00-00 00:00:00', 1, 1, 'Pc2401260992.jpg', 'Pi2401260992.jpg', 1),
(62, '紅寶石紅莧菜(Ruby Red Orach)', 80, 38, '多彩、耐熱的菠菜替代品。\n\n葉片呈深紫色，具有類似菠菜的風味。注意：預期會有少量全綠色植株。獲得美國農業部有機認證。', '0000-00-00 00:00:00', 1, 2, 'Pc2401260993.jpg', 'Pi2401260993.jpg', 1),
(63, '赤之王國(Red Kingdom)', 120, 53, '深紫色的葉片搭配明亮的綠色莖。\n\n葉片寬大，深色，邊緣輕微波浪狀。味道溫和。葉片的底面是淺綠色，並有顯著的深紫色紋理。獲得美國園藝協會獎。', '0000-00-00 00:00:00', 1, 1, 'Pc2401260994.jpg', 'Pi2401260994.jpg', 1),
(64, '紅彩苔(Hon Tsai Tai)', 160, 41, '紫色花莖和芽。\n\n中國特產，也被稱為芥蘭。年輕的植株生產出大量細長的、紅紫色的花莖，形狀像鉛筆一樣。它擁有宜人、溫和的芥末味，可生吃於沙拉中，或在炒菜或湯中輕微烹調。適用於多次採收，可以採摘嫩莖和葉子', '0000-00-00 00:00:00', 1, 1, 'Pc2401260995.jpg', 'Pi2401260995.jpg', 1),
(65, '翠綠巨人(Green Giant)', 150, 73, '光滑、深綠色的小白菜，具有良好的再生能力。\n\n葉片寬大，輕微凹曲，呈圓形。生長速度比Koji更快，葉片較少凹曲。相較於Carlton，葉片更寬，葉柄更短，生長更快。小白菜類似於tatsoi，但質地更緊', '0000-00-00 00:00:00', 1, 1, 'Pc2401260996.jpg', 'Pi2401260996.jpg', 1),
(66, '亞洲之悅(Asian Delight)', 150, 84, '生長緩慢的白莖小白菜。\n\n緊密而豐滿，形成完整的小莖。比大多數白莖類型的小白菜有更長的收成期。適用於春季、夏季和秋季生產。在溫暖地區可能在冬季種植。獲得美國園藝協會獎。', '0000-00-00 00:00:00', 1, 1, 'Pc2401260997.jpg', 'Pi2401260997.jpg', 1),
(67, '獎盃(Trophy)', 120, 96, '適用於商業銷售的快速生長的鹿角菜。常規處理過的種子。此種子不符合NOP標準。\n\n這是一個早熟品種，生長非常迅速，具有優秀的產量潛力。寬葉，葉柄短。對於水耕系統來說，是冬季的優秀選擇。', '0000-00-00 00:00:00', 1, 2, 'Pc2401260998.jpg', 'Pi2401260998.jpg', 1),
(68, '赤巨人(Red Giant)', 160, 73, '生長速度極慢的寬葉芥菜。\n\n呈深紫色調的葉子，邊緣輕微呈波浪狀。密植植株，以使葉片保持適當大小以供應嫩葉，並使葉柄拉長以便輕鬆收穫。味道略帶辛辣芥末風味。', '0000-00-00 00:00:00', 1, 2, 'Pc2401260999.jpg', 'Pi2401260999.jpg', 1),
(69, '戈德堡金蓮菜(Goldberg Golden Purslan', 180, 36, '這款品種的葉片比野生的馬齒莧形式大得多，長約1.5英寸。植株呈直立生長習性。口感清脆，味道溫和。按需收穫至離基部2英寸的位置；新的莖和葉片將再次生長。對霜冷敏感。', '0000-00-00 00:00:00', 1, 3, 'Pc2401261000.jpg', 'Pi2401261000.jpg', 1),
(70, '石榴石巨人(Garnet Giant)', 150, 50, '最深色的寬葉芥菜。\n\n葉子寬大，呈深紫色，邊緣輕微呈波浪狀。顏色在幼嫩的葉片上早早呈現，特別是在春季和秋季。味道溫和。有些容易抽苔。植株密植，使得葉片保持適當大小以供應嫩葉，葉柄拉長方便收穫。', '0000-00-00 00:00:00', 1, 1, 'Pc2401261001.jpg', 'Pi2401261001.jpg', 1),
(71, '門戶(Gateway)', 150, 78, '\n新品！改良型露菌病抗性。\n\n其抗露菌病的能力明顯。強勁的雌雄同株藤蔓提供高產量、抗逆性，並延長了季節末的生產時間。果實平均長度為8-9英寸。這是在戶外爬架生產或需要更持久收成時的優秀選擇。', '0000-00-00 00:00:00', 1, 1, 'Pc2401261002.jpg', 'Pi2401261002.jpg', 1),
(72, '格什溫(Gershwin)', 230, 79, '新品！單性結果的野外酸黃瓜品種。\n\n適合那些希望獲得額外早期統一的酸黃瓜收成的種植者。產量非常高，果實呈深綠色，長約4-4.5英寸。如果與其他黃瓜隔離，格什溫將保持無種子且在數天內保持其大小。適用於手', '0000-00-00 00:00:00', 1, 2, 'Pc2401261003.jpg', 'Pi2401261003.jpg', 1),
(73, '琴鍵(Qwerty)', 160, 86, '新品！頂級雞尾酒黃瓜。\n\n在品質上屬於最優秀的之一。產量特別高，果實長約3.5-4英寸，外皮光澤，薄而吸引人的深色。植株具有生成力，多果實。雌花性和單性結果', '0000-00-00 00:00:00', 1, 2, 'Pc2401261004.jpg', 'Pi2401261004.jpg', 1),
(74, '科林托(Corinto)', 140, 54, '獨家！我們最早熟、最高產的切片黃瓜。\n\n這款有機雜交品種即使在涼爽或炎熱的天氣中，也能產生非常深綠、整齊、7-8英寸的切片黃瓜。種子腔較小。果皮厚度足夠抵禦收成和處理的壓力，但比一般的切片黃瓜更薄。無', '0000-00-00 00:00:00', 1, 2, 'Pc2401261005.jpg', 'Pi2401261005.jpg', 1),
(75, '迪娃(Diva)', 220, 75, '在小果時收成尤其美味。\n\n無籽、薄皮、口感清脆，甜美，無苦味。適應於露天生產和受保護的種植。這是家庭花園中的一個極好品種。在5-7英寸時收成。單性結果。美國園藝協會獲獎品種。', '0000-00-00 00:00:00', 1, 2, 'Pc2401261006.jpg', 'Pi2401261006.jpg', 1),
(76, '冷靜之客(Cool Customer)', 420, 26, '改良型酸黃瓜，特別為有機種植者挑選。\n\n這是一款堅固的有機酸黃瓜，能夠生產外形整齊、方塊狀的水果，具有小的種子腔和卓越的口感和風味。強勁的植株在長時間的收成期內產出4-5英寸的果實，足夠堅韌以應對有機', '0000-00-00 00:00:00', 1, 3, 'Pc2401261007.jpg', 'Pi2401261007.jpg', 1),
(77, '至尊(Supremo)', 130, 19, '極廣泛的疾病抗性。\n\n這款高產的酸黃瓜生產出3-4.5英寸的深綠色果實，呈經典的方塊形狀。果實品質一致，口感良好，具有製作出優質泡菜所需的堅實質地和美味。', '0000-00-00 00:00:00', 1, 2, 'Pc2401261008.jpg', 'Pi2401261008.jpg', 1),
(78, '鰻魚(Unagi)', 190, 1, '獨特的貝特阿爾法 x 長型亞洲交叉品種。\n\n光滑、無刺的酸黃瓜，種子腔微小，質地清脆，風味極佳。大量結出異常筆直、整齊的果實。在長達9-11英寸的時候收成（或者更小，視個人喜好而定）。保持清脆和美味長', '0000-00-00 00:00:00', 1, 2, 'Pc2401261009.jpg', 'Pi2401261009.jpg', 1),
(79, '刺身(Sashimi)', 400, 23, '獨家！具優秀抗白粉病的能力。\n\n深色、光澤且非常迷人。在各種大小範圍內保持清脆和統一的形狀，可在8-12英寸之間收成。種子腔較小，並具有愉悅的甜味。對於粉狀黴病的抗性明顯優於Tasty Jade和No', '0000-00-00 00:00:00', 1, 2, 'Pc2401261010.jpg', 'Pi2401261010.jpg', 1),
(80, '將軍(The General)', 320, 49, '我們口感最好的切片黃瓜品種。\n\n儘管是為南方培育的，此品種在緬因州的測試中表現出色。深色的果實帶有白色的刺，整齊、迷人，平均長度為8-8.5英寸。風味優於大多數現代美國切片品種。雌花性的植株有著高產潛', '0000-00-00 00:00:00', 1, 3, 'Pc2401261011.jpg', 'Pi2401261011.jpg', 1),
(81, '初雪 (\'EarliSnow\')', 320, 51, '獨家！首個早熟品種。\n\n在春季和秋季試驗中表現出色。比雪之冠更早熟、更一致、更可靠。中等大小的植株，包裹度平均。適應性廣泛。', '0000-00-00 00:00:00', 2, 5, 'Pc2401261012.jpg', 'Pi2401261012.jpg', 1),
(82, '雪之冠 (\'Snow Crown\')', 370, 51, '標準的早熟品種。\n\n這個雜交品種表現出不尋常的幼苗活力。無論是在夏季還是秋季收穫，都能獲得優質、中等大小的花頭。對於霜害具有良好的耐受性。AAS獲獎者。注意：在受到肥力或濕潤壓力的情況下，所有花椰菜，', '0000-00-00 00:00:00', 2, 5, 'Pc2401261013.jpg', 'Pi2401261013.jpg', 1),
(83, '合悅(\'Synergy\')', 320, 42, '適應性強的中期品種。\n\n強壯的大型植株產生大而圓頂的花頭。在秋季試驗中表現特別出色，也適合春季生產。', '0000-00-00 00:00:00', 2, 5, 'Pc2401261014.jpg', 'Pi2401261014.jpg', 1),
(84, '小柑橘(\'Clementine\')', 370, 65, '充滿活力的橙色。\n\n我們最明亮的橙色花椰菜。強壯的大型植株即使在不太理想的條件下也能產生優秀的作物。在我們的試驗中，是最早成熟的橙色品種。適合夏季和秋季收穫。', '0000-00-00 00:00:00', 2, 5, 'Pc2401261015.jpg', 'Pi2401261015.jpg', 1),
(85, '紫月(\'Purple Moon\')', 420, 50, '新品！極早熟的紫色花椰菜。\n\n第一個上市的極早熟紫色花椰菜！非常吸引人的中深色紫色花頭。在溫暖天氣中表現最佳的我們最好的紫色品種，同時也是一個出色的秋季作物。適應性廣泛。', '0000-00-00 00:00:00', 2, 5, 'Pc2401261016.jpg', 'Pi2401261016.jpg', 1),
(86, '薰衣草(\'Lavender\')', 420, 12, '圓頂、紫色的花頭。\n\n迷人的亮紫色小花使其成為沾醬拼盤的絕佳選擇。秋季的莖部呈美麗的中紫色，春季則較淡。此品種的花頭更亮麗的紫色，頂部稍微更大。最適合秋季種植，但也可以成功地在夏季種植', '0000-00-00 00:00:00', 2, 6, 'Pc2401261017.jpg', 'Pi2401261017.jpg', 1),
(87, '綠活(\'Vitaverde\')', 420, 60, '適合涼爽和溫暖天氣生產。\n\n大而沉重的綠色葉頭早熟，生長在大型植株上。可用於傳統的秋季收穫，也適用於在溫和炎熱地區進行夏季生產，以及在氣候溫和的地區進行冬季生產。', '0000-00-00 00:00:00', 2, 5, 'Pc2401261018.jpg', 'Pi2401261018.jpg', 1),
(88, '薇若妮卡(\'Veronica\')', 300, 49, '螺旋狀的花頭。\n\n花頭呈酸橙綠色，帶有尖頂的螺旋狀尖塔。最適合夏季種植，以便在秋季或溫暖氣候的中冬季收穫。將植株間距設為18英寸，以確保植物有足夠的空間。味道略帶堅果味，比白色品種更美味。獲得美國農業', '0000-00-00 00:00:00', 2, 5, 'Pc2401261019.jpg', 'Pi2401261019.jpg', 1),
(89, '懷特克(\'Whitaker\')', 270, 84, '新品！第一個白色雜交羅曼頌！\n\n具有完美的螺旋圖案。與標準的綠色品種相似，僅在顏色上有所不同。建議夏季和秋季收穫。植株較大且堅固。注意：在肥力和/或乾旱壓力下，花頭可能呈現輕微的綠色色調。', '0000-00-00 00:00:00', 2, 6, 'Pc2401261020.jpg', 'Pi2401261020.jpg', 1),
(90, '焰星(\'Flame Star\')', 240, 38, '改良的耐熱性，呈淡橙色的花椰菜。\n\n在春季和秋季試驗中表現出色。植株中等至大型。呈淡橙色，對熱量和壓力有更好的耐受性。', '0000-00-00 00:00:00', 2, 5, 'Pc2401261021.jpg', 'Pi2401261021.jpg', 1),
(91, '柏格姆之翠(\'Bergam\'s Green\')', 300, 64, '可靠的標準大小綠葉生菜。帶有符合NOP標準的有機種子包覆。\n\n具有深綠色波浪狀葉邊的葉子。均勻而緊密的葉頭產量豐富，風味鮮美。適用於春季、夏季和秋季收穫。適應性廣泛。', '0000-00-00 00:00:00', 2, 8, 'Pc2401261022.jpg', 'Pi2401261022.jpg', 1),
(92, '翠綠森(\'Green Forest\')', 270, 66, '我們最迷人的綠色蘿蔓生菜。帶有符合NOP標準的傳統種子包覆。\n\n早熟、高大且深綠。生長緩慢，莖幹平滑，因此在包裝和處理過程中損壞很少。適用於田地或溫室的常規和水培系統生產。對頂燒具有耐受性。', '0000-00-00 00:00:00', 2, 8, 'Pc2401261023.jpg', 'Pi2401261023.jpg', 1),
(93, '紅羅茜(\'Red Rosie\')', 470, 35, '獨家！鮮艷的草莓紅色小白菜。\n\n12英寸高的植株呈瓶狀，擁有明亮的紅色葉子和略帶綠紅色的莖。適用於與綠色或白色莖的小白菜混合包裝。也非常適合作為嫩葉食用。', '0000-00-00 00:00:00', 2, 8, 'Pc2401261024.jpg', 'Pi2401261024.jpg', 1),
(94, '葛雷澤恩(\'Grazion\')', 220, 70, '優秀的抗病性，表現出色。\n\n生長緩慢的綠葉，形成沉重而吸引人的葉頭，葉片呈深綠色，邊緣波浪狀。具更好的抗病性，更深的葉片和更沉重的葉頭。還提供符合NOP標準的種子包覆。', '0000-00-00 00:00:00', 2, 5, 'Pc2401261025.jpg', 'Pi2401261025.jpg', 1),
(95, '新紅火(\'New Red Fire\')', 370, 45, '具有耐熱性的紅葉生菜。帶有符合NOP標準的有機種子包覆。\n\n生長相對緩慢，但產生了均勻而沉重的葉頭，葉片色彩鮮豔且有波浪狀。', '0000-00-00 00:00:00', 2, 5, 'Pc2401261026.jpg', 'Pi2401261026.jpg', 1),
(96, '陽光之地(\'Sunland\')', 280, 34, '新品！耐熱的蘿蔓生菜，適用於形成葉頭和心。帶有符合NOP標準的傳統種子包覆。\n\n更早成熟且植株更緊密，葉片更厚，波浪狀更明顯。經選擇以適應夏季生長，提高了產量和一致性。保持直立的肋骨和緊湊、清潔的底部', '0000-00-00 00:00:00', 2, 5, 'Pc2401261027.jpg', 'Pi2401261027.jpg', 1),
(97, '赤紅之空(\'Ruby Sky\')', 340, 93, '我們最豐產的紅葉生菜。\n\n密實、沉重的葉頭和良好的田間保持使得這種全季節的紅葉生菜成為一種可靠的標準品種。波浪狀的葉子在頂端呈濃烈的紫紅色，基部內側呈綠色。具有對底部腐爛具有良好的耐受性。生長整齊，整', '0000-00-00 00:00:00', 2, 6, 'Pc2401261028.jpg', 'Pi2401261028.jpg', 1),
(98, '米洛(\'Mirlo\')', 400, 29, '具有抗病性的大型鮮綠色奶油生菜，有符合NOP標準的有機種子包覆。\n\n有填實但同時保持開放的趨勢，創造了比形成緊密葉頭的品種更長的收穫期。鮮綠的顏色使得這個品種看起來比傳統的淺綠色波士頓類型更加\"新鮮\"', '0000-00-00 00:00:00', 2, 6, 'Pc2401261029.jpg', 'Pi2401261029.jpg', 1),
(99, '斯凱佛斯(\'Skyphos\')', 390, 67, '最適應性廣泛的奶油生菜。\n\n美麗、大型、深紅色的葉頭，與綠色的中心形成明顯對比。味道和質地都極佳。最確定形成紅色奶油生菜頭的品種。已獲得實用專利。還提供符合NOP標準的種子包覆。', '0000-00-00 00:00:00', 2, 6, 'Pc2401261030.jpg', 'Pi2401261030.jpg', 1),
(100, '薩維烏斯(\'Salvius\')', 430, 49, '不易抽薹，適應性廣泛。帶有符合NOP標準的傳統種子包覆。\n\n中綠色，直立生長的植株。開放的生長習性使其更適合形成葉頭。味道鮮美，質地爽脆。已獲得實用專利。', '0000-00-00 00:00:00', 2, 6, 'Pc2401261031.jpg', 'Pi2401261031.jpg', 1),
(101, '塔克里瑪(\'Takrima\')', 240, 21, '非常早熟和巨大。\n\n美麗的標準大小的韭蔥。在有利的土壤和栽培條件下，白色的莖部長達一英尺以上，到第一片葉子。中綠色的葉子，生長濃密。如果種植密集（每英尺40顆種子），可以在指頭大小時收穫，稱為嫩蔥。雖', '0000-00-00 00:00:00', 2, 6, 'Pc2401261032.jpg', 'Pi2401261032.jpg', 1),
(102, '塔多納(\'Tadorna\')', 270, 28, '最可靠的秋季開放授粉韭蔥。\n\n這是一個生長旺盛的品種，生產中長的白色莖部和對比鮮明的非常深的藍綠色葉片。能夠在秋季/冬季進行田間收穫，並在溫和的氣候中越冬。對葉片疾病有適度的抗性。獲得美國農業部有機認', '0000-00-00 00:00:00', 2, 6, 'Pc2401261033.jpg', 'Pi2401261033.jpg', 1),
(103, '科曼奇(\'Comanche\')', 310, 31, '精緻、長莖的韭蔥。\n\n美麗的莖部可以達到令人印象深刻的長度，葉片呈中等的藍綠色。其直立的植株習性使得耕作更加容易。也提供有機種子。', '0000-00-00 00:00:00', 2, 6, 'Pc2401261034.jpg', 'Pi2401261034.jpg', 1),
(104, '萊克斯頓(\'Lexton\')', 330, 93, '省力的、直立的品種。\n\n非常直立的葉片使得葉子遠離地面，這樣做有助於更容易的耕作、更好的植株健康狀態，以及在清洗站更為乾淨的葉子。精緻的莖部，極少球莖，方便剝皮。', '0000-00-00 00:00:00', 2, 7, 'Pc2401261035.jpg', 'Pi2401261035.jpg', 1),
(105, '奧斯陸 OG (\'Oslo\' OG)', 340, 21, '新品！高質量的有機秋季韭蔥。\n\n這是一種選擇的品種，可結束或延長你的韭蔥季節。在晚秋到冬季成熟，可以在溫暖的氣候中越冬。健康、寬大、深藍色的葉子。粗壯的莖部沒有球莖，容易剝皮和清理。高產量。貯存性能良', '0000-00-00 00:00:00', 2, 7, 'Pc2401261036.jpg', 'Pi2401261036.jpg', 1),
(106, '強盜 OG(\'Bandit\' OG)', 390, 12, '非常耐寒的開放授粉韭蔥。\n\n擁有美麗的、非常深的藍綠色、直立的葉片和良好的均勻性。莖部生長非常厚實，幾乎沒有球莖。注意：為了方便播種，種子被塗上了一層無機、符合NOP標準的膜。獲得美國農業部有機認證。', '0000-00-00 00:00:00', 2, 7, 'Pc2401261037.jpg', 'Pi2401261037.jpg', 1),
(107, '庫卡布拉(\'Kookaburra\')', 220, 87, '快速生長的半波浪狀，適用於初春和秋天。\n\n直立的品種，便於收穫嫩葉和完整大小的葉子。吸引人的深綠色、橢圓形的葉片。味道極佳。', '0000-00-00 00:00:00', 2, 7, 'Pc2401261038.jpg', 'Pi2401261038.jpg', 1),
(108, '蘭吉托托(\'Rangitoto\')', 200, 95, '新品！能在冬季時，於隧道式溫室中快速且直立的生長。\n\n均勻的明亮綠葉生長在高大而直立的莖上。有光澤、圓形且凹曲。最適合在秋季、冬季和初春種植。', '0000-00-00 00:00:00', 2, 8, 'Pc2401261039.jpg', 'Pi2401261039.jpg', 1),
(109, '陽光天使(\'Sunangel\')', 200, 52, '具良好露菌病抗性的波浪狀菠菜。\n\n在速度、深色、波浪狀和抗開花方面取得了良好的平衡，可以在整個一年中進行豐富的收穫。在冬季隧道中非常高效。均勻而直立，葉片比傳統的波浪狀品種更為凹曲。', '0000-00-00 00:00:00', 2, 8, 'Pc2401261040.jpg', 'Pi2401261040.jpg', 1),
(110, '改良火烈鳥(\'Flamingo Improved\')', 180, 67, '亞洲葉型，適用於早春和秋天的收穫。\n\n獨特的箭頭形狀。均勻、光滑、中綠色的葉片生長在非常長的莖上。是成束收成的絕佳選擇。', '0000-00-00 00:00:00', 2, 7, 'Pc2401261041.jpg', 'Pi2401261041.jpg', 1),
(111, '蜥蜴(\'Lizard\')', 200, 18, '春夏季用的生長緩慢、深綠色菠菜。\n\n直立而緊湊的植株上生長著光滑、圓形的葉片。植株豐滿，葉片厚實，產量高。優秀的再生能力。', '0000-00-00 00:00:00', 2, 5, 'Pc2401261042.jpg', 'Pi2401261042.jpg', 1),
(112, '花谷(\'Bloomsdale\')', 240, 54, '春秋季用的開放式採種莎蔬。\n\n直立的植株上生長的中深綠色葉片使Bloomsdale容易收穫。葉片極為波浪狀。適用於早春和秋天的種植，因為生長速度較快。適合完整大小和成束收成。味道極佳。非定型種子。', '0000-00-00 00:00:00', 2, 7, 'Pc2401261043.jpg', 'Pi2401261043.jpg', 1),
(113, '海濱(\'Seaside\')', 210, 26, '春夏季用的生長緩慢品種。\n\n擁有直立的深綠色葉片，呈鏟形。保持較小的體型，延長嫩葉的收穫期。', '0000-00-00 00:00:00', 2, 6, 'Pc2401261044.jpg', 'Pi2401261044.jpg', 1),
(114, '紅色虎斑(\'Red Tabby\')', 190, 52, '春夏季用的紅葉菠菜。\n\n深綠色的葉片，明亮的紅色葉脈，以及角形的葉片形狀形成了一種引人注目的組合。垂直的習性和均勻的生長使得在任何生長階段都能輕鬆收成。', '0000-00-00 00:00:00', 2, 5, 'Pc2401261045.jpg', 'Pi2401261045.jpg', 1),
(115, '歡愉菜(Joi Choi)', 270, 98, '厚實、生長旺盛的白莖小白菜。\n\n該品種形成一株12-15英寸高的、寬大、沉重的植株，擁有深綠色的葉子和厚厚的、扁平的白色葉柄。對熱和寒冷具有良好的耐受性。植株間距建議為10-12英寸。', '0000-00-00 00:00:00', 2, 5, 'Pc2401261046.jpg', 'Pi2401261046.jpg', 1),
(116, '黑夏(Black Summer)', 240, 14, '獨家！美麗的深綠色小白菜。\n\n寬大、扁平的淺綠色葉柄頂部帶有橢圓形的深綠色葉片。最適合完整大小，但也適用於迷你葉頭。尺寸稍微較小（10-12英寸），是白莖的理想食用時機，缺點是生長緩慢。', '0000-00-00 00:00:00', 2, 5, 'Pc2401261047.jpg', 'Pi2401261047.jpg', 1),
(117, '雙贏菜(Win-Win Choi)', 420, 81, '於完整或中等大小的葉頭為最佳食用時機。\n\n這種白莖的瓶形小白菜體積龐大且均勻。高10-12英寸。與Joi Choi相似，只是稍微更小更緊湊。', '0000-00-00 00:00:00', 2, 5, 'Pc2401261048.jpg', 'Pi2401261048.jpg', 1),
(118, '美慶菜(Mei Qing Choi)', 270, 88, '於完整或中等大小的葉頭為最佳食用時機。\n\n扁平、淡淡的、霧綠色的莖形成了一個厚實、沉重的底部，上面有寬大、橢圓形、深綠色的葉子。完全成熟時，這種緊湊的、花瓶形狀的植物約8-10英寸高，但在幼年時也呈現', '0000-00-00 00:00:00', 2, 5, 'Pc2401261049.jpg', 'Pi2401261049.jpg', 1),
(119, '立仁菜(Li Ren Choi)', 570, 37, '最適合嫩葉小白菜。\n\n與大多數綠色莖小白菜不同，這種小白菜在真正的嫩葉大小時頭部是比例適中且飽滿的。這種較小的大小使得廚房準備更加迅速——只需將其切成一半或四分之一即可進行烹飪。僅適用於迷你頭部的生產', '0000-00-00 00:00:00', 2, 5, 'Pc2401261050.jpg', 'Pi2401261050.jpg', 1),
(120, '翠綠河(Green River)', 520, 31, '新品！垂直生長、精緻的小白菜，適用於成束和嫩葉。\n\n生長緩慢的植株，擁有深綠色的葉子和長而狹窄的葉柄。葉片在嫩葉階段保持，使得收成期間延長。小白菜類似於塔菜，但質地更加緊密，不太多汁。在日本傳統上，可', '0000-00-00 00:00:00', 2, 6, 'Pc2401261051.jpg', 'Pi2401261051.jpg', 1),
(121, '宿敵(Nemesis)', 320, 94, '新品！引人注目的紅葉芝麻菜。\n\n精緻的葉片具有深深而均勻的裂縫和細緻的紅色葉脈。令人印象深刻的紅色表現型和穩定性，是我們試驗中見過的最好之一。適當疏苗將促進葉面有更好的顏色。', '0000-00-00 00:00:00', 2, 6, 'Pc2401261052.jpg', 'Pi2401261052.jpg', 1),
(122, '餘火(Ember)', 270, 47, '新品！明亮的綠葉，帶有紫色的葉脈和莖。\n\n更加精緻的品種，但在其他方面與其替代品種非常相似。在溫室中種植時，顏色會變得較為柔和。', '0000-00-00 00:00:00', 2, 6, 'Pc2401261053.jpg', 'Pi2401261053.jpg', 1),
(123, '芝麻菜(Arugula)', 240, 14, '新品！引人注目的紅葉芝麻菜。\n\n精緻的葉片具有深深而均勻的裂縫和細緻的紅色葉脈。在我們的試驗中，展現出令人印象深刻的紅色表現型和穩定性，是我們見過的最好之一。稀疏的植株將促進更好的紅色發展。', '0000-00-00 00:00:00', 2, 5, 'Pc2401261054.jpg', 'Pi2401261054.jpg', 1),
(124, '寶百菜(Bopak)', 250, 56, '有機白莖小白菜。\n\n生長出高大、沉重、華麗、樣子完整的白莖小白菜。味道溫和、多汁，非常美味。其葉頭比歡愉菜更加均勻和吸引人。獲得美國園藝協會區域獎（東北、五大湖區、山區/西南）。獲得美國農業部有機認證', '0000-00-00 00:00:00', 2, 5, 'Pc2401261055.jpg', 'Pi2401261055.jpg', 1),
(125, '艾思美(Esmee)', 300, 2, '美麗的橡樹葉型。\n\n深深刻痕且波浪狀，呈圓形的橡樹葉。在袋子和盤子中增加了蓬鬆感。優秀的、溫和的風味。獲得美國農業部有機認證。', '0000-00-00 00:00:00', 2, 5, 'Pc2401261056.jpg', 'Pi2401261056.jpg', 1),
(126, '水菜(Mizuna)', 370, 88, '生長迅速，具有溫和風味的經典水菜。\n\n這是一種來自日本的傳統十字花科蔬菜，以其迅速的生長、高產、溫和的風味和具有辨識度的鋸齒狀葉片而受到讚賞。獲得美國農業部有機認證。', '0000-00-00 00:00:00', 2, 6, 'Pc2401261057.jpg', 'Pi2401261057.jpg', 1),
(127, '赤雲(Red Cloud)', 240, 38, '獨家！深紅色的混合型塔菜。\n\n非常均勻而直立，擁有美麗的凹曲圓葉。味道溫和，顏色濃郁，質地多汁爽脆。保持嫩葉大小，延長收成期。也可以種植到完全成熟的大小，與品種香菌搭配成為引人注目的一束。對於完全成熟', '0000-00-00 00:00:00', 2, 5, 'Pc2401261058.jpg', 'Pi2401261058.jpg', 1),
(128, '小白菜(Tatsoi)', 240, 2, '經濟實惠的有機開放授粉塔菜品種。\n\n圓形、輕輕凹曲的綠葉，帶有明亮的白色、脆脆的多汁莖。味道溫和。最容易開花結籽的塔菜品種。獲得美國農業部有機認證。', '0000-00-00 00:00:00', 2, 6, 'Pc2401261059.jpg', 'Pi2401261059.jpg', 1),
(129, '紅馬拉巴菠菜(Red Malabar Spinach)', 250, 35, '喜熱環境的品種。\n\n強勁的攀爬藤在夏季到秋季生長茂盛。光滑、厚實、皺曲的葉片與菠菜相似。深綠色的葉片和深紅/紫色的莖。味道溫和，類似瑞士甜菜。在沙拉或炒菜中適量使用葉片和嫩莖。', '0000-00-00 00:00:00', 2, 5, 'Pc2401261060.jpg', 'Pi2401261060.jpg', 1),
(130, '香菌(Koji)', 280, 44, '深綠色的混合型塔菜。\n\n呈碗狀的厚葉，美麗地皺曲，生長在長而優雅的莖上。耐高溫和耐寒，適合全季節生產。味道溫和，質地爽脆。種植時植株間距為12英寸，以便形成完整的葉頭。', '0000-00-00 00:00:00', 2, 5, 'Pc2401261061.jpg', 'Pi2401261061.jpg', 1),
(131, '翠浪(Green Wave)', 170, 46, '我們最辣的綠芥菜。\n\n鮮綠色的寬葉，邊緣緊密呈波浪狀，味道辛辣，具有芥末風味。密植植株，使得葉片保持適當的嫩葉大小，使葉柄拉長，方便收穫。獲得美國園藝協會獎。獲得美國農業部有機認證。', '0000-00-00 00:00:00', 2, 5, 'Pc2401261062.jpg', 'Pi2401261062.jpg', 1),
(132, '赤彩華(Red Splendor)', 270, 56, '深橡木紅色的葉片，適合插花和裝飾花園。\n\n裝飾性極高，葉片深裂，呈楓葉狀，色澤豐富，樹枝堅固。非常適合用於晚夏和秋季的花藝裝飾。主要用於切花插花的葉片，這種耐旱和耐熱的植株也適合種植在容器中和園藝景觀', '0000-00-00 00:00:00', 2, 5, 'Pc2401261063.jpg', 'Pi2401261063.jpg', 1),
(133, '紅寶菜脈(Ruby Streaks)', 280, 25, '細緻深裂的深綠和栗色葉片。\n\n細緻、深深劃破的葉片。顏色從深綠色搭配紅色葉脈到深栗色，如果在不使用行蓋和較冷的天氣下種植，栗色會更深。風味溫和，略帶辛辣。獲得美國農業部有機認證。', '0000-00-00 00:00:00', 2, 5, 'Pc2401261064.jpg', 'Pi2401261064.jpg', 1),
(134, '逐風(Runaway)', 440, 74, '結球型芝麻菜的迅速生長，帶有野芝麻菜的深裂外觀。味道溫和，帶有堅果和胡椒的風味。', '0000-00-00 00:00:00', 2, 5, 'Pc2401261065.jpg', 'Pi2401261065.jpg', 1),
(135, '羅茜(Rosie)', 550, 47, '獨家！鮮豔的草莓紅色小白菜。\n\n高12英寸的植株呈花瓶狀，擁有鮮紅色的葉子和帶有綠紅色的莖。適合與綠色或白色莖小白菜混合包裝。同時也是嫩葉的絕佳選擇。', '0000-00-00 00:00:00', 2, 5, 'Pc2401261066.jpg', 'Pi2401261066.jpg', 1),
(136, '東京白芥菜(Tokyo Bekana)', 350, 53, '生長迅速，適合混合搭配，呈現出極佳的色彩對比。\n\n這款獨特的金黃色葉片，擁有褶皺的質地，為沙拉混合物增添了鬆軟感和色彩的亮點。這種非結球的中國白菜擁有奶油般的葉片，帶有脆脆的肋骨和溫和的風味。在完全成', '0000-00-00 00:00:00', 2, 5, 'Pc2401261067.jpg', 'Pi2401261067.jpg', 1),
(137, '貝蕾吉雅(Bellezia)', 240, 13, '直立生長的深綠葉植株。\n\n葉片比Sylvetta更深綠，更深裂，味道也更辛辣。此外，植株更加直立，更易於收穫。\n\n可食用花朵：當黃色的花朵出現時進行收穫。可撒在沙拉上或添加到炒蔬菜中。其風味辛辣而堅果', '0000-00-00 00:00:00', 2, 6, 'Pc2401261068.jpg', 'Pi2401261068.jpg', 1),
(138, '維特(Vit)', 350, 67, '冬季沙拉的鹿角菜。\n\n這個多才多藝、強勁、抗黴菌的品種在一年當中蔬菜變得稀缺的時候表現出色。長而橢圓形的光滑綠葉形成緊密的花朵狀。味道溫和，略帶堅果風味，也有淡淡的玫瑰香氣。也被稱為鹿角菜、羊齒菜和玉', '0000-00-00 00:00:00', 2, 6, 'Pc2401261069.jpg', 'Pi2401261069.jpg', 1),
(139, '山葵娜(Wasabina)', 240, 39, '嫩滑而多汁，味道溫和。\n\n寬大、鮮綠的葉片，邊緣深深波浪狀，柔軟而嫩滑，質感極佳。生長緩慢。味道帶有甜味和輕微的辛辣風味。密植植株，以保持葉片適當的嫩葉大小，使葉柄拉長，方便收穫。', '0000-00-00 00:00:00', 2, 6, 'Pc2401261070.jpg', 'Pi2401261070.jpg', 1),
(140, '美洲水菜(Miz America)', 270, 81, '特別深紅色，深裂的葉片。\n\n嬌嫩、有齒狀的葉片在兩側都呈深紅色，為沙拉混合物增添了引人注目的色彩。葉片大小和形狀均勻，味道溫和。', '0000-00-00 00:00:00', 2, 5, 'Pc2401261071.jpg', 'Pi2401261071.jpg', 1),
(141, '卡爾頓(Carlton)', 310, 71, '獨家！極深綠色的小白菜。\n\n植株緊湊，具有良好的耐熱和耐寒能力。比自由授粉品種更具均勻性和高產量。在日本傳統上，可以蒸熟並用醬油調味，或者用於炒菜和湯中。它還可以燉煮，或者在嫩葉階段用於沙拉。', '0000-00-00 00:00:00', 2, 5, 'Pc2401261072.jpg', 'Pi2401261072.jpg', 1),
(142, '紅寶石紅莧菜(Ruby Red Orach)', 200, 86, '多彩、耐熱的菠菜替代品。\n\n葉片呈深紫色，具有類似菠菜的風味。注意：預期會有少量全綠色植株。獲得美國農業部有機認證。', '0000-00-00 00:00:00', 2, 6, 'Pc2401261073.jpg', 'Pi2401261073.jpg', 1),
(143, '赤之王國(Red Kingdom)', 240, 95, '深紫色的葉片搭配明亮的綠色莖。\n\n葉片寬大，深色，邊緣輕微波浪狀。味道溫和。葉片的底面是淺綠色，並有顯著的深紫色紋理。獲得美國園藝協會獎。', '0000-00-00 00:00:00', 2, 5, 'Pc2401261074.jpg', 'Pi2401261074.jpg', 1),
(144, '紅彩苔(Hon Tsai Tai)', 280, 69, '紫色花莖和芽。\n\n中國特產，也被稱為芥蘭。年輕的植株生產出大量細長的、紅紫色的花莖，形狀像鉛筆一樣。它擁有宜人、溫和的芥末味，可生吃於沙拉中，或在炒菜或湯中輕微烹調。適用於多次採收，可以採摘嫩莖和葉子', '0000-00-00 00:00:00', 2, 5, 'Pc2401261075.jpg', 'Pi2401261075.jpg', 1),
(145, '翠綠巨人(Green Giant)', 270, 47, '光滑、深綠色的小白菜，具有良好的再生能力。\n\n葉片寬大，輕微凹曲，呈圓形。生長速度比Koji更快，葉片較少凹曲。相較於Carlton，葉片更寬，葉柄更短，生長更快。小白菜類似於tatsoi，但質地更緊', '0000-00-00 00:00:00', 2, 5, 'Pc2401261076.jpg', 'Pi2401261076.jpg', 1),
(146, '亞洲之悅(Asian Delight)', 270, 20, '生長緩慢的白莖小白菜。\n\n緊密而豐滿，形成完整的小莖。比大多數白莖類型的小白菜有更長的收成期。適用於春季、夏季和秋季生產。在溫暖地區可能在冬季種植。獲得美國園藝協會獎。', '0000-00-00 00:00:00', 2, 5, 'Pc2401261077.jpg', 'Pi2401261077.jpg', 1),
(147, '獎盃(Trophy)', 240, 75, '適用於商業銷售的快速生長的鹿角菜。常規處理過的種子。此種子不符合NOP標準。\n\n這是一個早熟品種，生長非常迅速，具有優秀的產量潛力。寬葉，葉柄短。對於水耕系統來說，是冬季的優秀選擇。', '0000-00-00 00:00:00', 2, 6, 'Pc2401261078.jpg', 'Pi2401261078.jpg', 1),
(148, '赤巨人(Red Giant)', 280, 57, '生長速度極慢的寬葉芥菜。\n\n呈深紫色調的葉子，邊緣輕微呈波浪狀。密植植株，以使葉片保持適當大小以供應嫩葉，並使葉柄拉長以便輕鬆收穫。味道略帶辛辣芥末風味。', '0000-00-00 00:00:00', 2, 6, 'Pc2401261079.jpg', 'Pi2401261079.jpg', 1),
(149, '戈德堡金蓮菜(Goldberg Golden Purslan', 300, 94, '這款品種的葉片比野生的馬齒莧形式大得多，長約1.5英寸。植株呈直立生長習性。口感清脆，味道溫和。按需收穫至離基部2英寸的位置；新的莖和葉片將再次生長。對霜冷敏感。', '0000-00-00 00:00:00', 2, 7, 'Pc2401261080.jpg', 'Pi2401261080.jpg', 1),
(150, '石榴石巨人(Garnet Giant)', 270, 99, '最深色的寬葉芥菜。\n\n葉子寬大，呈深紫色，邊緣輕微呈波浪狀。顏色在幼嫩的葉片上早早呈現，特別是在春季和秋季。味道溫和。有些容易抽苔。植株密植，使得葉片保持適當大小以供應嫩葉，葉柄拉長方便收穫。', '0000-00-00 00:00:00', 2, 5, 'Pc2401261081.jpg', 'Pi2401261081.jpg', 1),
(151, '門戶(Gateway)', 270, 74, '新品！改良型露菌病抗性。\n\n其抗露菌病的能力明顯。強勁的雌雄同株藤蔓提供高產量、抗逆性，並延長了季節末的生產時間。果實平均長度為8-9英寸。這是在戶外爬架生產或需要更持久收成時的優秀選擇。', '0000-00-00 00:00:00', 2, 5, 'Pc2401261082.jpg', 'Pi2401261082.jpg', 1),
(152, '格什溫(Gershwin)', 350, 48, '新品！單性結果的野外酸黃瓜品種。\n\n適合那些希望獲得額外早期統一的酸黃瓜收成的種植者。產量非常高，果實呈深綠色，長約4-4.5英寸。如果與其他黃瓜隔離，格什溫將保持無種子且在數天內保持其大小。適用於手', '0000-00-00 00:00:00', 2, 6, 'Pc2401261083.jpg', 'Pi2401261083.jpg', 1),
(153, '琴鍵(Qwerty)', 280, 63, '新品！頂級雞尾酒黃瓜。\n\n在品質上屬於最優秀的之一。產量特別高，果實長約3.5-4英寸，外皮光澤，薄而吸引人的深色。植株具有生成力，多果實。雌花性和單性結果', '0000-00-00 00:00:00', 2, 6, 'Pc2401261084.jpg', 'Pi2401261084.jpg', 1),
(154, '科林托(Corinto)', 260, 57, '獨家！我們最早熟、最高產的切片黃瓜。\n\n這款有機雜交品種即使在涼爽或炎熱的天氣中，也能產生非常深綠、整齊、7-8英寸的切片黃瓜。種子腔較小。果皮厚度足夠抵禦收成和處理的壓力，但比一般的切片黃瓜更薄。無', '0000-00-00 00:00:00', 2, 6, 'Pc2401261085.jpg', 'Pi2401261085.jpg', 1),
(155, '迪娃(Diva)', 340, 88, '在小果時收成尤其美味。\n\n無籽、薄皮、口感清脆，甜美，無苦味。適應於露天生產和受保護的種植。這是家庭花園中的一個極好品種。在5-7英寸時收成。單性結果。美國園藝協會獲獎品種。', '0000-00-00 00:00:00', 2, 6, 'Pc2401261086.jpg', 'Pi2401261086.jpg', 1),
(156, '冷靜之客(Cool Customer)', 540, 18, '改良型酸黃瓜，特別為有機種植者挑選。\n\n這是一款堅固的有機酸黃瓜，能夠生產外形整齊、方塊狀的水果，具有小的種子腔和卓越的口感和風味。強勁的植株在長時間的收成期內產出4-5英寸的果實，足夠堅韌以應對有機', '0000-00-00 00:00:00', 2, 7, 'Pc2401261087.jpg', 'Pi2401261087.jpg', 1),
(157, '至尊(Supremo)', 250, 93, '極廣泛的疾病抗性。\n\n這款高產的酸黃瓜生產出3-4.5英寸的深綠色果實，呈經典的方塊形狀。果實品質一致，口感良好，具有製作出優質泡菜所需的堅實質地和美味。', '0000-00-00 00:00:00', 2, 6, 'Pc2401261088.jpg', 'Pi2401261088.jpg', 1),
(158, '鰻魚(Unagi)', 310, 78, '獨特的貝特阿爾法 x 長型亞洲交叉品種。\n\n光滑、無刺的酸黃瓜，種子腔微小，質地清脆，風味極佳。大量結出異常筆直、整齊的果實。在長達9-11英寸的時候收成（或者更小，視個人喜好而定）。保持清脆和美味長', '0000-00-00 00:00:00', 2, 6, 'Pc2401261089.jpg', 'Pi2401261089.jpg', 1),
(159, '刺身(Sashimi)', 520, 55, '獨家！具優秀抗白粉病的能力。\n\n深色、光澤且非常迷人。在各種大小範圍內保持清脆和統一的形狀，可在8-12英寸之間收成。種子腔較小，並具有愉悅的甜味。對於粉狀黴病的抗性明顯優於Tasty Jade和No', '0000-00-00 00:00:00', 2, 6, 'Pc2401261090.jpg', 'Pi2401261090.jpg', 1),
(160, '將軍(The General)', 440, 4, '我們口感最好的切片黃瓜品種。\n\n儘管是為南方培育的，此品種在緬因州的測試中表現出色。深色的果實帶有白色的刺，整齊、迷人，平均長度為8-8.5英寸。風味優於大多數現代美國切片品種。雌花性的植株有著高產潛', '0000-00-00 00:00:00', 2, 7, 'Pc2401261091.jpg', 'Pi2401261091.jpg', 1),
(161, '一炮紅', 90, 72, '接觸、胃毒雙重作用及長效性、耐雨性佳的殺蟲劑，可防治菜心螟、大菜螟、夜蛾類、小菜蛾、紋白蝶、毒蛾類。', '0000-00-00 00:00:00', 3, 9, 'Pc2401261092.jpg', 'Pi2401261092.jpg', 1),
(162, '勁功夫', 60, 62, '對溫度忍受性高，優異之快速擊倒效果，優異的耐雨性，膠囊壁為多鏈聚合體含二氧化鈦可防紫外線破壞。', '0000-00-00 00:00:00', 3, 9, 'Pc2401261093.jpg', 'Pi2401261093.jpg', 1),
(163, '壹等勇', 210, 18, '存在土壤中微生物的天然產物，對環境影響小，具強滲透移行性，耐雨性佳，適合做綜合蟲害防治的藥劑。', '0000-00-00 00:00:00', 3, 9, 'Pc2401261094.jpg', 'Pi2401261094.jpg', 1),
(164, '好田地', 90, 41, '對害蟲防治，具長效性，耐雨性佳，減少施藥次數和防治多種害蟲，噴後數小時即有保護作用。', '0000-00-00 00:00:00', 3, 9, 'Pc2401261095.jpg', 'Pi2401261095.jpg', 1),
(165, '果來特', 300, 28, '防治蓮霧小綠葉蟬、水稻褐飛蝨及茶葉蟬類效果優異，施藥後在自然界快速分解，不造成土壤殘留', '0000-00-00 00:00:00', 3, 9, 'Pc2401261096.jpg', 'Pi2401261096.jpg', 1),
(166, '汽嘉讚', 130, 43, '持久型殺蟲劑，對瓜菜類、瓜果類斑潛蠅有有優異效果，效果持久。', '0000-00-00 00:00:00', 3, 9, 'Pc2401261097.jpg', 'Pi2401261097.jpg', 1),
(167, '無地跑', 80, 56, '對草莓、瓜菜類、瓜果類的蚜蟲，以及胡瓜棉蚜具效用。水分散性粒劑，降低粉塵，使用更安全。', '0000-00-00 00:00:00', 3, 9, 'Pc2401261098.jpg', 'Pi2401261098.jpg', 1),
(168, '蛾樂天', 80, 36, '防治害蟲藥效優異，且低劑量即有效，耐雨性佳，效果較長。', '0000-00-00 00:00:00', 3, 9, 'Pc2401261099.jpg', 'Pi2401261099.jpg', 1),
(169, '響叮噹', 90, 21, '噴佈後黏附在葉表並迅速擴散深入滲透葉片組織，害蟲不易產生抗藥性兼具快速擊倒及長效性。', '0000-00-00 00:00:00', 3, 9, 'Pc2401261100.jpg', 'Pi2401261100.jpg', 1),
(170, '剋歐', 100, 73, '適用於豆科乾豆類、瓜果類炭疽、葫蘆科小葉菜類、瓜菜類、瓜果類露菌等病害防治且為抗藥性管理之好幫手。', '0000-00-00 00:00:00', 3, 10, 'Pc2401261101.jpg', 'Pi2401261101.jpg', 1),
(171, '呼您發', 280, 90, '廣效性殺菌劑，具預防及治療雙重功效，滲透、移行性佳！', '0000-00-00 00:00:00', 3, 10, 'Pc2401261102.jpg', 'Pi2401261102.jpg', 1),
(172, '天王', 170, 14, '具接觸性、系統性、預防性、治療性、長效性等特性，有效快速被植物吸收，不怕雨水沖刷，葉面滲透性佳。', '0000-00-00 00:00:00', 3, 10, 'Pc2401261103.jpg', 'Pi2401261103.jpg', 1),
(173, '好加讚', 250, 79, '由亞托敏和待克利製成之全新的廣效性殺菌劑，有相輔相成的效果，讓病害無所遁形，乾淨清除。', '0000-00-00 00:00:00', 3, 10, 'Pc2401261104.jpg', 'Pi2401261104.jpg', 1),
(174, '威力揚', 300, 29, '內含兩種不同作用機制之有效成份，原廠調配黃金比例組合。特殊劑型分散性佳，噴用水稻不會赤尾 !', '0000-00-00 00:00:00', 3, 10, 'Pc2401261105.jpg', 'Pi2401261105.jpg', 1),
(175, '安滅樂', 140, 71, '為系統性殺菌劑，兼具治療及預防的效果，可有效防治經濟作物的葉部及果實病害。', '0000-00-00 00:00:00', 3, 10, 'Pc2401261106.jpg', 'Pi2401261106.jpg', 1),
(176, '抑百分', 150, 49, '瓜果類、瓜菜類白粉病防治效果優異，可「雙重結合」於病原菌及作物葉表腊質層，適合各生長時期使用。', '0000-00-00 00:00:00', 3, 10, 'Pc2401261107.jpg', 'Pi2401261107.jpg', 1),
(177, '果再來', 170, 94, '源自野生菇類的一種殺菌劑，對動物低毒，在環境中不會累積，滲透移行性佳，耐雨性佳。', '0000-00-00 00:00:00', 3, 10, 'Pc2401261108.jpg', 'Pi2401261108.jpg', 1),
(178, '沒疫健', 130, 19, '最新型疫病及露菌病防治藥劑，吸附在葉表蠟質層做保護(約1小時)，良好滲透性及耐雨性，適合病害抗藥性管理。', '0000-00-00 00:00:00', 3, 10, 'Pc2401261109.jpg', 'Pi2401261109.jpg', 1),
(179, '治直好', 150, 90, '廣效保護葉部病害，良好滲透移行性，耐雨性佳，保護作物，幫助提升作物產量及作物價值。', '0000-00-00 00:00:00', 3, 10, 'Pc2401261110.jpg', 'Pi2401261110.jpg', 1),
(180, '金-除豪', 280, 68, '選擇性萌前殺草劑。', '0000-00-00 00:00:00', 3, 11, 'Pc2401261111.jpg', 'Pi2401261111.jpg', 1),
(181, '栽培盆 DL-P401', 35, 91, '又稱荷蘭盆，成本低廉、耐用度高，適合栽培各類植物，各大苗場均有使用，可直接用於定植、假植。', '0000-00-00 00:00:00', 4, 12, 'Pc2401261112.jpg', 'Pi2401261112.jpg', 1),
(182, '葡萄四角盆 DL-P118', 150, 23, '外觀有葡萄花紋的四角形正方盆，造型美觀質感佳，盆底墊高設計，不積水不孳生蚊蠅，適合各種環境擺放。', '0000-00-00 00:00:00', 4, 12, 'Pc2401261113.jpg', 'Pi2401261113.jpg', 1),
(183, '波紋長槽', 100, 77, '適合種植各種植物、花卉、蔬菜，有匍匐莖的水果也很適合，如：草莓，有足夠的空間可以走莖生長；附底網可增加排水性、通氣性，有助於根系發展；底網上的止水栓可剪下來塞在花盆排水孔上。', '0000-00-00 00:00:00', 4, 12, 'Pc2401261114.jpg', 'Pi2401261114.jpg', 1),
(184, '蘭花吊盆 DL-P108', 20, 68, '專為蘭花設計，多排水孔設計非常適合氣根植物，可搭配吊盆鐵線當吊盆使用。', '0000-00-00 00:00:00', 4, 12, 'Pc2401261115.jpg', 'Pi2401261115.jpg', 1),
(185, '條紋葡萄盆 DL-P105', 50, 14, '外觀為浮雕葡萄花紋並且整個盆身有橫條紋的設計；因外觀上有葡萄花紋，因此又稱葡萄盆，放置於室內外增添高貴歐洲風格；盆底有排水孔，可增加通氣性，防止底部積水，植物根系可健康發育。 ', '0000-00-00 00:00:00', 4, 12, 'Pc2401261116.jpg', 'Pi2401261116.jpg', 1),
(186, '清秀超輕量樹剪 K-1100', 950, 64, '本產品為超輕量設計園藝樹剪，手柄為四角型手柄不同於一般圓形手柄，適合各種園藝場合使用。', '0000-00-00 00:00:00', 4, 13, 'Pc2401261117.jpg', 'Pi2401261117.jpg', 1),
(187, '松格 不鏽鋼迷你小尖鏟', 90, 41, '適用於小品盆栽、多肉植物等小盆栽。不繡鋼白鐵材質，經熱處理提升硬度，適合家庭園藝使用。', '0000-00-00 00:00:00', 4, 13, 'Pc2401261118.jpg', 'Pi2401261118.jpg', 1),
(188, '直噴式噴水槍', 150, 58, '適用於園藝澆花、澆灌、環境清洗、洗車等，可調整直線噴霧與散狀噴霧，可接快速接頭搭配使用，具有免按壓卡扣設計，使用方便省力。', '0000-00-00 00:00:00', 4, 13, 'Pc2401261119.jpg', 'Pi2401261119.jpg', 1),
(189, '瓶蓋灑水器', 50, 81, '將灑水器安裝於瓶口即可使用，澆水時需稍微按壓瓶身；一般寶特瓶皆可使用，特殊瓶口寶特瓶不適用。', '0000-00-00 00:00:00', 4, 13, 'Pc2401261120.jpg', 'Pi2401261120.jpg', 1),
(190, '多功能不鏽鋼小尖鏟 ', 120, 95, '兩用多功能小型尖鏟，不鏽鋼材質堅固耐用，適合小盆栽、多肉植物與仙人掌使用；鏟身設計鋸齒狀刃口，可切可鋸，清除雜草超輕鬆；省時、省力輕鬆完成栽種樂趣，園藝種植好幫手。', '0000-00-00 00:00:00', 4, 13, 'Pc2401261121.jpg', 'Pi2401261121.jpg', 1),
(191, '優質栽培土', 170, 46, '純天然原料混合製成，pH已調整，不含農畜廢棄物，沒有臭味、不生蚊蠅、無菌、無蟲卵、無雜草種子。', '0000-00-00 00:00:00', 4, 14, 'Pc2401261122.jpg', 'Pi2401261122.jpg', 1),
(192, 'KEKKILA 泥炭土(愛沙尼亞)', 900, 54, '天然開採，嚴格品質管制不含雜質、重金屬；使用前請先泡水以恢復纖維彈性及體積，增加透氣性。\n適用栽培盆栽、本木植物及蔬菜播種、花壇植物、觀賞植物和組織培養使用；可與土壤1:1或1:2比例混合使用，可混合', '0000-00-00 00:00:00', 4, 14, 'Pc2401261123.jpg', 'Pi2401261123.jpg', 1),
(193, '觀葉植物專用栽培介質', 80, 16, '觀葉植物介質講究排水性、通氣性、保肥性，使用豐富礦物質微量元素並添加各類介質，無蟲卵及雜草種子，特別適合室內環境使用。', '0000-00-00 00:00:00', 4, 14, 'Pc2401261124.jpg', 'Pi2401261124.jpg', 1),
(194, 'GREEN PATH 珍珠石', 70, 78, '珍珠石本身並不吸水，但在粒子表面及粒子間則可吸附水份及肥份；珍珠石質輕、乾淨無菌，通常會搭配蛭石混合使用，與土壤混合可改善土質並增加排水、通氣、保肥性；並且因白色反光不吸熱的特性，可調節土壤溫度，有利', '0000-00-00 00:00:00', 4, 14, 'Pc2401261125.jpg', 'Pi2401261125.jpg', 1),
(195, '盾牌 赤玉土', 320, 90, '具有適度保水性及良好排水性，減少爛根發生機率，通氣性佳植物根部能吸收空氣，並促進根部健全發展。使用後約1~2年，可觀察是否已完全崩解，可進行更換新赤玉土，並視需求順便修剪根系及換盆，讓植株生長更健壯。', '0000-00-00 00:00:00', 4, 14, 'Pc2401261126.jpg', 'Pi2401261126.jpg', 1),
(196, '樹根透氣管', 120, 8, '樹木周圍土壤會因行人磚的鋪設、人為踩踏、自然沉陷等因素造成土壤透氣性不良，易導致樹木生病甚至死亡，埋設透氣管可有效改善問題，幫助根系健康成長、提升植物免疫力。', '0000-00-00 00:00:00', 4, 15, 'Pc2401261127.jpg', 'Pi2401261127.jpg', 1),
(197, '園藝工具腰帶', 190, 25, '搭配工具腰包、工具袋使用，如 釘袋、起子套、鉗子套、鎚套等。\n採用卡扣設計，拆拔快速方便不易掉落，長度可調整，腰帶面料堅固厚實耐用，搭配工具腰包可置放許多工具，提高工作效率。', '0000-00-00 00:00:00', 4, 15, 'Pc2401261128.jpg', 'Pi2401261128.jpg', 1),
(198, '園藝鋁線 1.5~3.5MM', 55, 75, '園藝盆栽造景用鋁線，易彎曲，可定型，不生鏽；韌性高不易扯斷，可作為盆栽塑型、勞作施工、手作小物等多種用途。', '0000-00-00 00:00:00', 4, 15, 'Pc2401261129.jpg', 'Pi2401261129.jpg', 1),
(199, '園藝排水板', 25, 68, '景觀造景常用的資材，在無法自然滲透排水的水泥地上設置庭園、花台、空中花園 都必須鋪設排水板。\n鋪設排水板後土壤與水泥間有足夠空間，多餘的水份可沒有阻礙的流到排水孔；搭配不織布使用，鋪設於排水板上方，避', '0000-00-00 00:00:00', 4, 15, 'Pc2401261130.jpg', 'Pi2401261130.jpg', 1),
(200, 'T型植物名牌', 100, 63, '使用於標示植物名稱或說明，可標示每種作物的名稱、注意事項或簡易說明，造型美觀、容易書寫並且防水，直接書寫後擺在盆栽土壤上即可。', '0000-00-00 00:00:00', 4, 15, 'Pc2401261131.jpg', 'Pi2401261131.jpg', 1),
(201, '硝磷基黑旺特1號有機質複合肥料', 500, 37, '為硝磷基製程產品，具易溶解、吸收快特性。\n含有機質成份，且添加泥炭，可改善土壤狀況、增進地力及保肥力。\n含作物必需之次要元素硫及鈣。\n高氮素比例，適於需氮肥較高之作物或營養生長期施用。\n水田請先排水後', '0000-00-00 00:00:00', 5, 16, 'Pc2401261132.jpg', 'Pi2401261132.jpg', 1),
(202, '硝磷基黑旺特42號有機質複合肥料', 300, 66, '為硝磷基製程產品，具易溶解、吸收快特性。\n含氮素比例較高，適於茶樹、蔬菜及牧草等作物施用。\n含作物必需之次要元素鎂、硫及鈣。\n含有機質成份，且添加泥炭，可改善土壤狀況、增進地力及保肥力。\n水田請先排水', '0000-00-00 00:00:00', 5, 16, 'Pc2401261133.jpg', 'Pi2401261133.jpg', 1),
(203, '硝磷基黑旺特4號有機質複合肥料', 100, 44, '為硝磷基製程產品，具易溶解、吸收快特性。\n含有機質成份，且添加泥炭，可改善土壤狀況、增進地力及保肥力。\n含作物必需之次要元素硫及鈣。\n高鉀素比例，適於需鉀肥較高之作物如香蕉、甘藷、果樹結果中後期及根莖', '0000-00-00 00:00:00', 5, 16, 'Pc2401261134.jpg', 'Pi2401261134.jpg', 1),
(204, '硝磷基黑旺特5號有機質複合肥料', 200, 58, '為硝磷基製程產品，具易溶解、吸收快特性。\n含有機質成份，且添加泥炭，可改善土壤狀況、增進地力及保肥力。\n含作物必需之次要元素硫及鈣。\n三要素含量比例4:2:3，適於多種作物如一般果樹、蔬菜及柑桔等全期', '0000-00-00 00:00:00', 5, 16, 'Pc2401261135.jpg', 'Pi2401261135.jpg', 1),
(205, '台肥含鎂寶效5號生技有機質複合肥料', 150, 4, '為錏磷基製程產品，水、旱田皆適用。\n含有機質成份，且添加泥炭，可改善土壤狀況、增進地力及保肥力。\n含作物必需之次要元素鎂。\n三要素含量比例4:2:3，適於多種作物如水稻、一般果樹、蔬菜及柑桔等全期施用', '0000-00-00 00:00:00', 5, 16, 'Pc2401261136.jpg', 'Pi2401261136.jpg', 1),
(206, '台肥寶效101號有機質複合肥料', 310, 91, '為錏磷基製程產品，水、旱田皆適用。\n含有機質成份，且添加泥炭，可改善土壤狀況、增進地力及保肥力。\n高氮素比例，適於需氮肥較高之作物或營養生長期施用。\n建議直接施用於土壤中，施肥後並覆土，以減少流失。', '0000-00-00 00:00:00', 5, 16, 'Pc2401261137.jpg', 'Pi2401261137.jpg', 1),
(207, '台肥寶效105號有機質複合肥料', 250, 76, '為錏磷基製程產品，水、旱田皆適用。\n含有機質成份，且添加泥炭，可改善土壤狀況、增進地力及保肥力。\n三要素含量比例4:2:3，適於多種作物如水稻、一般果樹、蔬菜及柑桔等全期施用。。\n建議直接施用於土壤中', '0000-00-00 00:00:00', 5, 16, 'Pc2401261138.jpg', 'Pi2401261138.jpg', 1),
(208, '給力肥1號', 160, 7, '為錏磷基製程產品，水、旱田皆適用。\n高氮素比例採三段式釋放肥份，適於需氮肥較高之作物或營養生長期施用。\n含有速效型與緩控釋型氮肥，可供應作物不同時期營養需求。\n建議直接施用於土壤中，施肥後並覆土，以減', '0000-00-00 00:00:00', 5, 16, 'Pc2401261139.jpg', 'Pi2401261139.jpg', 1),
(209, '給力肥2號', 150, 34, '為錏磷基製程產品，水、旱田皆適用。\n三要素含量比例為4:2:3，適於多種作物如水稻、一般果樹、蔬菜及柑桔等全期施用。\n建議直接施用於土壤中，施肥後並覆土，以減少流失。', '0000-00-00 00:00:00', 5, 16, 'Pc2401261140.jpg', 'Pi2401261140.jpg', 1),
(210, '台肥速效寶101號有機質複合肥料', 360, 4, '為錏磷基製程產品，水、旱田皆適用。\n高氮素比例，適於需氮肥較高之作物或營養生長期施用。\n含有機質，且添加泥炭，可協助改善土壤狀況、增進地力及保肥力。\n建議直接施用於土壤中，施肥後並覆土，以減少流失。', '0000-00-00 00:00:00', 5, 16, 'Pc2401261141.jpg', 'Pi2401261141.jpg', 1),
(211, '台肥速效寶105號有機質複合肥料', 430, 46, '為錏磷基製程產品，水、旱田皆適用。\n含有機質成分，可改善土壤狀況、增進地力。\n三要素含量比例為4：2：3，適於多種作物如水稻、一般果樹、蔬菜及柑桔等全期施用。\n建議直接施用於土壤中，施肥後並覆土，以減', '0000-00-00 00:00:00', 5, 16, 'Pc2401261142.jpg', 'Pi2401261142.jpg', 1),
(212, '台肥1號即溶複合肥料', 400, 20, '含氮肥較高，適用於對生長期需氮肥較高的作物。\n可完全溶於水，適用於葉面噴施，也可用於土壤灌注，使用前先用水稀釋成水溶液，稀釋倍數需根據作物的種類、生長期、土壤乾濕狀況做適當調整。\n用於葉面噴施時宜行全', '0000-00-00 00:00:00', 5, 16, 'Pc2401261143.jpg', 'Pi2401261143.jpg', 1),
(213, '台肥寶效39號有機質複合肥料', 200, 92, '為錏磷基製程產品，水、旱田皆適用。\n含有機質成份，且添加泥炭，可改善土壤狀況、增進地力及保肥力。\n高磷素比例，適於基肥或作物需磷肥較高時期施用。\n建議直接施用於土壤中，施肥後並覆土，以減少流失。', '0000-00-00 00:00:00', 5, 17, 'Pc2401261144.jpg', 'Pi2401261144.jpg', 1),
(214, '寶粒磷', 120, 38, '本產品含磷肥及氮肥，可配合其他堆肥、含氮、鉀肥料一併施用，搭配施用時可酌量減施氮肥。\n本產品通常用作基肥，需均勻施用後覆土，減少流失。勿過度集中於作物根部。\n本產品水田、旱田皆適用。', '0000-00-00 00:00:00', 5, 17, 'Pc2401261145.jpg', 'Pi2401261145.jpg', 1),
(215, '台肥4號即溶複合肥料', 480, 69, '含磷肥較高，施用後可促進作物根系生長，花芽分化及開花結果。\n可完全溶於水，適用於葉面噴施，也可用於土壤灌注，使用前先用水稀釋成水溶液，稀釋倍數需根據作物的種類、生長期、土壤乾濕狀況做適當調整。\n用於葉', '0000-00-00 00:00:00', 5, 17, 'Pc2401261146.jpg', 'Pi2401261146.jpg', 1),
(216, '過磷酸鈣', 410, 3, '本品通常用作基肥，須均勻施下，與土壤充分混合，勿過分集中接近作物根部。\n本品施用於水田、旱田，均勻撒佈之後，施行淺耕耙碎然後插秧或播種。\n本品施用於旱田作物如甘蔗、甘藷、落花生等作物宜行條施。\n生長期', '0000-00-00 00:00:00', 5, 17, 'Pc2401261147.jpg', 'Pi2401261147.jpg', 1),
(217, '台肥生技複合營養劑活力2號', 240, 10, '採用數種天然蛋白質、海藻精華及特選有機營養物質經活力因子發酵分解，再添加均衡營養素，經嚴格品管製成，促進根系發展與催花用。\n用於促進根系發展時宜採土壤灌注，稀釋300~500倍，於農作物幼苗期或營養生', '0000-00-00 00:00:00', 5, 17, 'Pc2401261148.jpg', 'Pi2401261148.jpg', 1),
(218, '寶粒鉀', 320, 50, '為錏磷基製程產品，水、旱田皆適用。\n以硫酸鉀為鉀肥原料，適合不耐氯作物如菸草、馬鈴薯及葡萄等施用。\n高鉀素比例產品，可供作物於鉀肥需求較高時使用如香蕉、甘藷等根莖類蔬菜，以及果樹結果中後期催甜轉色施用', '0000-00-00 00:00:00', 5, 18, 'Pc2401261149.jpg', 'Pi2401261149.jpg', 1),
(219, '寶藍肥', 270, 58, '為錏磷基製程產品，對於水田或旱田皆適用，施用基肥或生育中期及中果期追肥均適合。\n含有機質，且添加泥炭，可協助改善土壤狀況、增進地力及保肥力。\n含作物必需之次要元素鎂。\n三要素含量適於多種作物如果樹、瓜', '0000-00-00 00:00:00', 5, 18, 'Pc2401261150.jpg', 'Pi2401261150.jpg', 1),
(220, '氯化鉀', 280, 30, '通常作基肥使用，亦可少量用作追肥。\n可與各種肥料混合施用，混合後須儘速施用，不宜久貯。\n可完全溶於水，稍具吸濕性，未施用完時須將袋口扎緊，儲存於乾燥通風之處所。\n皮膚過敏者，施用時請戴用手套。', '0000-00-00 00:00:00', 5, 18, 'Pc2401261151.jpg', 'Pi2401261151.jpg', 1),
(221, '蔬果．野菜圖鑑（二版）', 550, 83, '農諺云：「正月蔥，二月韭，三月莧，四月蕹，五月匏，六月瓜，七月筍，八月芋，九月芥藍，十月芹菜，十一月蒜，十二月白」。\n \n　　在臺灣，每個季節都盛產不同種類的蔬菜，選購當令食材不僅物美價廉，且營養又美', '0000-00-00 00:00:00', 6, 19, 'Pc2401261152.jpg', 'Pi2401261152.jpg', 1),
(222, '500張病症實境照！植物病蟲害防治全圖鑑：4大分類法速查，「', 250, 76, '不論是蟲蟲危機還是病菌感染，\n　　日本園藝專家教你從預防到除病的技巧。\n　　在日常改善排水、通風、日照，\n　　掌握各種害蟲、病菌的好發時期與條件，\n　　打造不易孳生病蟲害的環境。\n　　從蔬菜、果樹、庭', '0000-00-00 00:00:00', 6, 19, 'Pc2401261153.jpg', 'Pi2401261153.jpg', 1),
(223, '照片實拍 蔬菜病蟲害對症圖鑑：田間常見病蟲害110個案例的症', 300, 83, '救命！我的植物好像生病了！\n　　蛀洞越來越大，卻找不到蟲子躲在哪裡？\n　　長滿像黴菌的東西，該用什麼藥劑防治才好？\n　　光一種植物就有可能發生好幾種病症，只是想種個菜也這麼難嗎！？\n　　別慌別慌，趕緊', '0000-00-00 00:00:00', 6, 19, 'Pc2401261154.jpg', 'Pi2401261154.jpg', 1),
(224, '園藝?趣味科學：超過300張示範圖，園藝專家不失敗的107個', 230, 95, '◆◆最有趣、最實用的園藝科學知識，都在本書中◆◆\n　　‧為什麼要整土？如何運用不同的材質盆器？為何需要盆底石？\n　　‧液態肥可以帶來立即成效？如何預防病蟲害？\n　　‧夜晚及下午不宜澆水？什麼是徒長？\n', '0000-00-00 00:00:00', 6, 20, 'Pc2401261155.jpg', 'Pi2401261155.jpg', 1),
(225, '超圖解！園藝新手栽培大全', 300, 47, '不論你是種花新手，或者正在發愁總是成為植物殺手…\n　　本書將園藝的基本功夫，用大量手繪圖解+詳細步驟來呈現，\n　　所有栽培訣竅一看就懂，從此晉升人人稱羨的綠手指！\n\n　　Part1 建議事先備齊的園藝', '0000-00-00 00:00:00', 6, 20, 'Pc2401261156.jpg', 'Pi2401261156.jpg', 1),
(226, '綠生活療癒手冊：100則園藝治療心處方', 400, 95, '照顧與觀察另一個生命，能幫助我們面對自身的生命瓶頸，「園藝輔助治療」（簡稱園療）的目的，便在於利用園藝活動發揮植物的療癒力，促進人們身、心、靈的健康。無論是高齡長輩、早療幼童、身心疾患者、特殊生，甚至', '0000-00-00 00:00:00', 6, 20, 'Pc2401261157.jpg', 'Pi2401261157.jpg', 1),
(227, '澆澆水就大豐收！水耕菜園懶人DIY：乾淨、省錢、無農藥、微空', 170, 95, '每個人心中都有一畝田，栽種夢想的種子。每個家都可以有一個微菜園，實現你的都市農夫生活。看到自己親手栽種的瓜果蔬菜，由種子、發芽、綠葉盎然到結實纍纍，喜悅的心情難以言喻。\n　\n　　乾淨．省錢．無農藥．不', '0000-00-00 00:00:00', 6, 21, 'Pc2401261158.jpg', 'Pi2401261158.jpg', 1),
(228, '新手OK！理想菜園設計DIY：親手作集雨器、農具小屋、堆肥發', 270, 12, '使用竹、木等天然素材，製作充滿古樸韻味的菜園用具。\n　　從劃分種植區塊、製作番茄支架，到製作集雨器、農具小屋都自己來，\n　　以業餘者的角度，親手打造出充滿趣味又實用的各種用具！\n\n　　開墾菜園與田地\n', '0000-00-00 00:00:00', 6, 21, 'Pc2401261159.jpg', 'Pi2401261159.jpg', 1),
(229, '植栽時間：100種室內園藝裝飾diy', 190, 45, '同樣的花材、搭配不同的花葉與莖根、分裝到不同容器中，就有煥然一新的風味，植栽千變萬化的魅力在本書中完全顯現。\n   \n　　書中的100則植栽譜，人人都做得來，可以創造出令人嘆為觀止的植物陳設，就像烹飪', '0000-00-00 00:00:00', 6, 21, 'Pc2401261160.jpg', 'Pi2401261160.jpg', 1),
(230, '苔蘚盆景＆微景觀生態瓶DIY', 300, 30, '', '2024-02-04 21:00:08', 6, 5, 'Pc2401261161.jpg', 'Pi2401261161.jpg', 1),
(231, '溫浩雲', 12, 32, '76543', '2024-02-05 16:06:33', 4, 12, 'update1707120393.jpg', 'update1707120393.jpg', 0),
(232, 'Ma', 12, 32, '123', '2024-02-06 12:09:08', 1, 4, 'update1707192548.png', 'update1707192548.png', 0),
(233, 'Ma', 12, 32, '132321', '2024-02-06 14:49:23', 3, 9, 'update1707202163.png', 'update1707202163.jpg', 0);

-- --------------------------------------------------------

--
-- 資料表結構 `product_img`
--

CREATE TABLE `product_img` (
  `id` int(6) UNSIGNED NOT NULL,
  `product_id` int(6) UNSIGNED NOT NULL,
  `product_img` varchar(50) CHARACTER SET utf8mb4 COLLATE utf8mb4_unicode_ci NOT NULL,
  `valid` int(4) UNSIGNED NOT NULL
) ENGINE=InnoDB DEFAULT CHARSET=utf8mb4 COLLATE=utf8mb4_general_ci;

-- --------------------------------------------------------

--
-- 資料表結構 `secondary_category`
--

CREATE TABLE `secondary_category` (
  `id` int(6) UNSIGNED NOT NULL,
  `primary_id` int(6) UNSIGNED NOT NULL,
  `name` varchar(50) NOT NULL,
  `valid` int(10) UNSIGNED NOT NULL
) ENGINE=InnoDB DEFAULT CHARSET=utf8mb4 COLLATE=utf8mb4_general_ci;

--
-- 傾印資料表的資料 `secondary_category`
--

INSERT INTO `secondary_category` (`id`, `primary_id`, `name`, `valid`) VALUES
(1, 1, 'seeds_spring', 1),
(2, 1, 'seeds_summer', 1),
(3, 1, 'seeds_autumn', 1),
(4, 1, 'seeds_winter', 1),
(5, 2, 'seedings_spring', 1),
(6, 2, 'seedings_summer', 1),
(7, 2, 'seedings_autumn', 1),
(8, 2, 'seedings_winter', 1),
(9, 3, 'insecticides', 1),
(10, 3, 'fungicles', 1),
(11, 3, 'herbicides', 1),
(12, 4, 'pot', 1),
(13, 4, 'tool', 1),
(14, 4, 'medium', 1),
(15, 7, 'others', 1),
(16, 5, 'growing', 1),
(17, 5, 'flowering', 1),
(18, 5, 'fruiting', 1),
(19, 6, 'illustration', 1),
(20, 6, 'guide', 1),
(21, 6, 'DIY', 1),
(22, 7, 'test', 0),
(23, 8, '434', 1),
(24, 10, '121234', 1),
(25, 10, '3', 1),
(26, 0, '123', 1),
(27, 0, '1', 0),
(28, 0, '2', 0),
(29, 12, 'test1', 1),
(30, 13, 'test02', 0);

-- --------------------------------------------------------

--
-- 資料表結構 `teacher`
--

CREATE TABLE `teacher` (
  `id` int(4) UNSIGNED NOT NULL,
  `name` varchar(50) CHARACTER SET utf8mb4 COLLATE utf8mb4_unicode_ci NOT NULL,
  `gender` varchar(4) CHARACTER SET utf8mb4 COLLATE utf8mb4_unicode_ci NOT NULL,
  `phone` varchar(20) CHARACTER SET utf8mb4 COLLATE utf8mb4_unicode_ci NOT NULL,
  `email` varchar(50) CHARACTER SET utf8mb4 COLLATE utf8mb4_unicode_ci NOT NULL,
  `intro` varchar(200) CHARACTER SET utf8mb4 COLLATE utf8mb4_unicode_ci NOT NULL,
  `img` varchar(50) CHARACTER SET utf8mb4 COLLATE utf8mb4_unicode_ci NOT NULL,
  `valid` int(4) UNSIGNED NOT NULL
) ENGINE=InnoDB DEFAULT CHARSET=utf8mb4 COLLATE=utf8mb4_general_ci;

--
-- 傾印資料表的資料 `teacher`
--

INSERT INTO `teacher` (`id`, `name`, `gender`, `phone`, `email`, `intro`, `img`, `valid`) VALUES
(1, '黃湘苗', '女', '0952699525', 'jennie2024@gmail.com', '黃湘苗擁有超過25年的農業種植經驗，專精於有機農業和可持續發展。畢業於國際知名的農業科學院，在土壤管理、作物輪作及自然農法方面有深入研究。致力於推廣環保農業，黃教授經常舉辦工作坊，並在多個國際會議上發表論文。', 'T1706078211.jpg', 1),
(2, '黃甄芸', '女', '0915240012', 'emily@yahoo.com', '黃甄芸是一位資深園藝學家，專業領域涵蓋果樹栽培和植物病蟲害管理。她在果樹種植方面擁有豐富的實踐經驗，並積極參與國內外園藝研討會。黃女士熱衷於教育工作，致力於將她的知識傳授給新一代的園藝愛好者。', 'T1706078212.jpg', 1),
(3, '鍾家鋒', '男', '0921857452', 'michael77@hotmail.com', '鍾家鋒是一位在蔬菜栽培領域具有豐富經驗的專家，尤其擅長使用現代溫室技術種植各種蔬菜。他的教學風格實用且互動性強，注重實地操作和技術演示，幫助學生深入理解先進的農業技術。', 'T1706078213.jpg', 1),
(4, '薛昱靜', '女', '0939283254', 'sarah@outlook.com', '薛昱靜博士在種子科技和植物育種領域有著豐富的研究經驗。她專注於作物的遺傳改良和品種改進，致力於開發更高產量和環境適應性更強的新品種。薛博士樂於分享她的研究成果，並鼓勵學生參與創新項目。', 'T1706078214.jpg', 1),
(5, '潘培倫', '男', '0924213069', 'david123@aol.com', '潘培倫教授是一名農作物營養學方面的專家，專注於作物的營養管理和提升土壤肥力的研究。他的教學理念是結合理論與實踐，致力於培養學生在現代農業營養管理方面的全面技能。潘教授的課程深受學生歡迎，因其實用性和創新性。', 'T1706078215.jpg', 1),
(6, '范佑柏', '男', '0954805190', 'daniel@msn.com', '一位熱情的城市園藝專家，教授如何在都市小空間內創建迷人的花園。他的課程結合理論與實踐，充滿趣味性和互動性，適合各年齡層學習。范教授特別擅長讓園藝初學者輕鬆上手，並在課程中積極鼓勵學生發揮創意。', 'T1706078216.jpg', 1),
(7, '卓毓國', '男', '0987952680', 'kevin@yahoo.com', '專業於家庭菜園的建立與管理，通過互動式教學方法，使學生們能在自家後院或陽台種植各種蔬菜。他的課程設計既實用又趣味性十足，非常適合希望與家人一起享受園藝樂趣的學員。', 'T1706078217.jpg', 1),
(8, '顏致宏', '男', '0918614097', 'brian007@outlook.com', '擁有多年的蔬菜和香草種植經驗，他的課程旨在教導學生如何在家中輕鬆種植和收穫健康蔬菜。顏教授注重實踐操作，透過親自示範和個別指導，確保學生能夠掌握關鍵的園藝技巧。', 'T1706078218.jpg', 1),
(9, '連子昇', '男', '0954758128', 'james555@icloud.com', '專長於可持續農業和生態友好種植方法。他的課程內容豐富，結合了實地示範和參與式學習，旨在教導學生如何在自己的後院實踐環保的種植技術。連教授的教學方式輕鬆自在，鼓勵學生探索和實驗不同的生態農業方法。', 'T1706078219.jpg', 1),
(10, '施廷奕', '男', '0986886134', 'ethan@gmail.com', '一位經驗豐富的農業專家，專注於教授自然農法和有機種植技術。他的課程旨在輕鬆引導學生學會如何在家庭環境中實現可持續農業。施教授提供實用的種植技巧和個性化指導，確保學生能享受到種植的樂趣。', 'T1706078220.jpg', 1),
(11, '張少淳', '男', '0954178802', 'megan2000@yahoo.com', '擅長果樹種植和護理，他的課程結合了理論學習和實際操作。張教授透過網路招生，提供面對面的互動課程，教導學生如何在自家花園內成功種植和管理果樹，包括修剪、施肥和病蟲害防治。', 'T1706078221.jpg', 1),
(12, '連澤恆', '男', '0911804155', 'anthony@hotmail.com', '一位專注於水耕栽培和現代農業技術的農業專家，提供深入但易於理解的水耕種植課程。連教授的課程旨在教授學生如何在家中使用水耕系統高效地種植蔬菜和香草，並享受到科技帶來的種植便利。', 'T1706078222.jpg', 1),
(13, '傅靜婕', '女', '0919333662', 'lisa88@icloud.com', '是一位專注於花卉布局和園藝設計的專家。她的課程以輕鬆幽默的方式進行，幫助學生發掘和提升他們的園藝設計才能。傅女士鼓勵學生透過實踐和創造性思考，設計出個性化且充滿活力的花園。', 'T1706078223.jpg', 1),
(14, '顏睿恆', '男', '0989452116', 'andrew333@aol.com', '一位經驗豐富的園藝愛好者和教師，專門教授城市居民如何在有限的空間內創建迷人的植物空間。他的課程風趣幽默，注重實踐操作，使學生們可以輕鬆地在自家陽台或小院中享受園藝樂趣。', 'T1706078224.jpg', 1),
(15, '張正昕', '男', '0971832323', 'alex1992@gmail.com', '專業於教授有機蔬菜種植，他的課程旨在使學生學會在家中種植新鮮、健康的蔬菜。張教授熱衷於分享自己的種植經驗，並透過網路招生，提供一系列易於理解且實用的園藝技巧。', 'T1706078225.jpg', 1),
(16, '王卓延', '女', '0917827420', 'chris85@yahoo.com', '一位充滿熱情的花卉愛好者和專業園藝師，她的課程專注於室內植物的養護和布置。王女士透過網路招生，提供富有創意的課程，使學生在輕鬆愉快的氣氛中學習如何照料家中的綠色植物。', 'T1706078226.jpg', 1),
(17, '羅嘉寧', '女', '0953996146', 'jessica1995@gmail.com', '是一位專業的蔬菜園藝師，她的課程著重於教授都市農業和小型菜園的管理。羅女士提供親切且易於理解的指導，讓學生能夠在自家的空間種植健康的蔬菜。', 'T1706078227.jpg', 1),
(18, '沈靖程', '男', '0961086378', 'jake2001@hotmail.com', '一位專注於可持續農業和生態友好種植的農業專家。提供輕鬆有趣的課程，教授學生如何在自家花園中實踐環保的種植方法。沈教授的課程深受學生喜愛，因其結合了實用性和創新性。', 'T1706078228.jpg', 1),
(19, '連家恩', '男', '0955345914', 'maxwell77@outlook.com', '一位專業的都市農業教師，致力於教授都市居民如何在陽台和屋頂空間進行有效的園藝。他的課程注重於實用性和創造性，將理論知識與實際操作相結合。連教授通過網路招生，提供了一系列富有啟發性和互動性的課程，幫助學生在有限的空間內創造出生機勃勃的綠色環境。', 'T1706078229.jpg', 1),
(20, '楊敬祥', '男', '0936079276', 'ryan99@aol.com', '是一位擁有豐富經驗的藥用植物專家。他的課程專注於教授如何種植和利用各種藥用植物。楊教授的教學方法生動有趣，通過實地示範和詳細的步驟解說，使學生能夠輕鬆學會在家中種植和收穫藥用植物。他的課程不僅涵蓋了植物護理的基礎知識，還包括了如何安全有效地使用這些植物進行自我保健。', 'T1706078230.jpg', 1),
(21, '溫浩雲', '男', '0905371512', 'mark0988922049@gmail.com', '我教的超級棒啦', 'T1707023185.jpg', 0),
(41, 'aaa', '女', '091234567', '123@test.com', '123', 'T1707111660.jpg', 0),
(42, 'aaa', '女', '091111111', 'mark0988922049@gmail.com', '22222', 'T1707121395.jpg', 0),
(43, 'aa', '男', '988922048', 'mark0949@gmail.com', '123', 'T1707192996.png', 0),
(44, '111', '女', '988922049', 'mark0988922049@gmail.com', '419568+146+', 'T1707193762.png', 0),
(45, '安安', '男', '09123456799', '123@test.com', '海克力斯（古希臘語：Ἡρακλῆς，Hēraklēs，引申自Hēra「赫拉」和kleos「榮耀」，即海克力斯被稱為赫拉的榮耀[1]，轉寫：Heracles，音譯赫剌克勒斯、海格力斯、海克力士、赫克力士），是希臘神話中的半神英雄，海克力斯後裔祖先。海克力斯相當於羅馬神話里的赫丘利（海克力斯），後來的羅馬皇帝，比如康茂德和馬克西米安都常常以其自居。羅馬人基本採用希臘人對海克力斯生活和事蹟刻畫的版本，並', 'T1707202547.jpg', 0);

-- --------------------------------------------------------

--
-- 資料表結構 `user`
--

CREATE TABLE `user` (
  `id` int(6) UNSIGNED NOT NULL,
  `account` varchar(20) CHARACTER SET utf8mb4 COLLATE utf8mb4_unicode_ci NOT NULL,
  `password` varchar(50) CHARACTER SET utf8mb4 COLLATE utf8mb4_unicode_ci NOT NULL,
  `img` varchar(200) CHARACTER SET utf8mb4 COLLATE utf8mb4_unicode_ci NOT NULL,
  `name` varchar(30) CHARACTER SET utf8mb4 COLLATE utf8mb4_unicode_ci NOT NULL,
  `email` varchar(30) CHARACTER SET utf8mb4 COLLATE utf8mb4_unicode_ci NOT NULL,
  `birthday` date NOT NULL,
  `phone` varchar(30) CHARACTER SET utf8mb4 COLLATE utf8mb4_unicode_ci NOT NULL,
  `address` varchar(200) CHARACTER SET utf8mb4 COLLATE utf8mb4_unicode_ci NOT NULL,
  `created_at` datetime NOT NULL,
  `deleted_at` datetime NOT NULL,
  `credit_number` varchar(20) CHARACTER SET utf8mb4 COLLATE utf8mb4_unicode_ci NOT NULL,
  `valid` tinyint(4) UNSIGNED NOT NULL
) ENGINE=InnoDB DEFAULT CHARSET=utf8mb4 COLLATE=utf8mb4_general_ci;

--
-- 傾印資料表的資料 `user`
--

INSERT INTO `user` (`id`, `account`, `password`, `img`, `name`, `email`, `birthday`, `phone`, `address`, `created_at`, `deleted_at`, `credit_number`, `valid`) VALUES
(1, 'nuc710', '63212', '001.png', '管理員', 'nuc710@test.com', '1983-04-15', '0918282102', '台北市松山區中山路225號', '2023-07-23 22:14:29', '2023-08-04 22:14:29', '1964-5275-6870-7057', 1),
(2, 'jos519', '56684', '002.png', '林怡文', 'jos519@test.com', '1981-08-22', '0962644077', '台北市大安區仁愛路四段91號7樓', '2023-05-17 22:09:55', '2023-05-27 22:09:55', '3583-3577-1966-7808', 1),
(3, 'pba185', '97782', '003.png', '陳俊彥', 'pba185@test.com', '1985-11-03', '0949777974', '新北市板橋區文化路一段56號3樓', '2023-01-19 18:17:43', '2023-01-28 18:17:43', '5917-5636-8631-1612', 1),
(4, 'naq789', '47364', '004.png', '蔡美玲', 'naq789@test.com', '1990-02-17', '0984673715', '桃園市中壢區中央西路二段120號11樓', '2023-02-18 21:03:12', '2023-02-27 21:03:12', '4797-7831-2684-3005', 1),
(5, 'rge398', '16013', '005.png', '黃志偉', 'rge398@test.com', '1998-06-09', '0919410121', '台中市西區民族路三段47號2樓', '2023-05-04 13:06:16', '2023-05-17 13:06:16', '7023-5707-5966-7978', 1),
(6, 'pjh255', '11579', '006.png', '吳雅雯', 'pjh255@test.com', '1987-09-30', '0978115852', '台北市北投區新河路78號10樓', '2023-03-27 19:40:33', '2023-04-09 19:40:33', '6454-5135-2927-8002', 1),
(7, 'pzq670', '24488', '007.png', '王翔宇', 'pzq670@test.com', '1995-12-12', '0939849258', '新北市淡水區中山北路255號', '2023-02-15 10:35:58', '2023-02-23 10:35:58', '7872-8499-7154-5097', 1),
(8, 'ewz632', '63448', '008.jpg', '李婉君', 'ewz632@test.com', '1982-03-25', '0943560984', '宜蘭縣宜蘭市健康路1段128號', '2023-08-30 08:35:34', '2023-09-13 08:35:34', '8819-5590-9972-5604', 1),
(9, 'lvs826', '73514', '009.jpg', '吳宜臻', 'lvs826@test.com', '1988-07-18', '0933927267', '新北市汐止區仁愛路130號13樓', '2024-01-05 21:41:04', '2024-01-18 21:41:04', '1814-4362-7821-6332', 1),
(10, 'inf603', '16331', '010.jpg', '林鴻霖', 'inf603@test.com', '1993-10-05', '0994905654', '新北市瑞芳區忠孝路154號4樓', '2023-06-06 20:25:56', '2023-06-18 20:25:56', '9199-7696-3559-5231', 1),
(11, 'uee692', '35288', '011.jpg', '許雅琪', 'uee692@test.com', '1986-01-28', '0940102803', '彰化縣鹿港鎮自治街3號', '2023-11-04 06:41:30', '2023-11-15 06:41:30', '3344-2216-2884-8289', 1),
(12, 'dch467', '99899', '012.jpg', '鄭仁杰', 'dch467@test.com', '1991-05-14', '0940697044', '台南市北投區新生路73號', '2023-09-25 01:47:56', '2023-10-02 01:47:56', '5726-5265-2650-3601', 1),
(13, 'ogn313', '26199', '013.jpg', '林佳欣', 'ogn313@test.com', '1999-08-26', '0913103366', '台北市中正區忠孝東路一段1號', '2023-06-07 06:25:34', '2023-06-20 06:25:34', '1578-3749-8297-8486', 1),
(14, 'cje226', '88289', '014.jpg', '陳冠宇', 'cje226@test.com', '1984-11-08', '0988180003', '台中市西屯區河南路二段789號', '2023-12-09 17:57:50', '2023-12-23 17:57:50', '7627-5946-1762-1812', 1),
(15, 'jlu207', '73301', '015.jpg', '蔡佳蓉', 'jlu207@test.com', '1996-02-21', '0911933420', '台南市東區崇明路333號5樓', '2024-01-12 08:37:05', '2024-01-25 08:37:05', '9496-6906-8472-4159', 1),
(16, 'hiw698', '26885', '016.jpg', '鄭文傑', 'hiw698@test.com', '1989-06-04', '0982866031', '高雄市鹽埕區大勇路1號', '2023-07-15 11:53:27', '2023-07-25 11:53:27', '1850-3378-1906-7413', 1),
(17, 'skf262', '84995', '017.jpg', '黃惠婷', 'skf262@test.com', '1994-09-20', '0912894645', '桃園市南港區新生路200號3樓', '2023-03-28 14:42:31', '2023-04-09 14:42:31', '3618-2892-7082-6733', 1),
(18, 'skx421', '48566', '018.jpg', '許承翰', 'skx421@test.com', '1980-12-31', '0999324001', '高雄市鳳山區光復路二段456號', '2023-11-26 22:53:28', '2023-12-03 22:53:28', '9310-6900-4733-8725', 1),
(19, 'vff801', '95373', '019.jpg', '陳雅筑', 'vff801@test.com', '1992-04-07', '0922115986', '基隆市仁愛區中正路123號3樓', '2023-02-18 02:52:55', '2023-02-28 02:52:55', '4998-9628-2598-1200', 1),
(20, 'wds706', '61428', '020.jpg', '林政霖', 'wds706@test.com', '2000-07-23', '0947242848', '新竹縣湖口鄉中正路456號', '2023-02-27 20:08:53', '2023-03-06 20:08:53', '6244-1269-5598-4801', 1),
(21, 'krv612', '65904', '021.jpg', '蔡宗翰', 'krv612@test.com', '1981-10-15', '0974915566', '雲林縣斗六市民生路2段789號', '2023-09-03 11:17:22', '2023-09-16 11:17:22', '7190-1953-2337-2297', 1),
(22, 'ycs114', '28310', '022.jpg', '王怡萱', 'ycs114@test.com', '1985-01-02', '0976391731', '嘉義市西區文化路123號', '2023-08-22 04:33:20', '2023-09-02 04:33:20', '8669-3236-3156-6570', 1),
(23, 'fdm474', '29232', '023.jpg', '郭哲維', 'fdm474@test.com', '1998-04-16', '0940464051', '高雄市左營區新上街1號2樓之4', '2023-01-07 10:55:27', '2023-01-20 10:55:27', '7424-8385-6543-7623', 1),
(24, 'ugs215', '31192', '023.jpg', '楊靜怡', 'ugs215@test.com', '1987-07-07', '0950212900', '金門縣金城鎮中正路1號', '2023-05-12 14:14:02', '2023-05-19 14:14:02', '6161-2799-9831-4358', 1),
(25, 'hze979', '78086', '024.jpg', '張凱文', 'hze979@test.com', '1995-10-27', '0982152285', '宜蘭縣宜蘭市中正路456號', '2023-12-29 03:55:17', '2024-01-11 03:55:17', '7917-7524-8704-6214', 1),
(26, 'aax206', '71633', '025.jpg', '黃美玲', 'aax206@test.com', '1982-02-10', '0961225068', '新竹縣竹北市中華路3段111號', '2023-04-23 17:32:48', '2023-04-30 17:32:48', '1613-4603-2872-9986', 1),
(27, 'uqc557', '68304', '026.jpg', '劉翔宇', 'uqc557@test.com', '1988-05-05', '0911879188', '苗栗縣苑裡鎮中山路2段333號', '2023-07-29 06:15:29', '2023-08-06 06:15:29', '3922-8198-6424-8426', 1),
(28, 'ubc706', '78062', '027.jpg', '陳怡君', 'ubc706@test.com', '1993-08-19', '0977381823', '彰化縣員林市中正路456號', '2023-01-07 15:07:40', '2023-01-14 15:07:40', '9599-9083-1090-3252', 1),
(29, 'mka273', '78907', '028.jpg', '林彥宏', 'mka273@test.com', '1986-12-02', '0923144159', '南投縣埔里鎮民生路1段123號', '2023-07-30 11:54:04', '2023-08-11 11:54:04', '7733-3839-8570-7588', 1),
(30, 'hdg270', '81036', '029.jpg', '許家豪', 'hdg270@test.com', '1991-03-11', '0925656776', '雲林縣斗南鎮光復路2段456號', '2023-11-30 05:37:42', '2023-12-08 05:37:42', '3079-8266-5458-1424', 1),
(31, 'hfg117', '41797', '030.jpg', '吳靜怡', 'hfg117@test.com', '1999-06-23', '0912059945', '嘉義市東區文化路789號2樓', '2023-08-11 17:23:01', '2023-08-18 17:23:01', '4983-3691-8057-1378', 1),
(32, 'kxr903', '23909', '031.jpg', '李建宏', 'kxr903@test.com', '1984-09-14', '0962371542', '嘉義縣太保市中山路1號2樓', '2023-08-23 11:07:47', '2023-08-31 11:07:47', '5492-1068-2516-7793', 1),
(33, 'lja981', '98350', '032.jpg', '楊雅琪', 'lja981@test.com', '1996-12-28', '0982804588', '屏東縣屏東市中正路456號4樓之5', '2023-05-09 17:06:23', '2023-05-22 17:06:23', '8717-8197-3318-8602', 1),
(34, 'pzs985', '50456', '033.jpg', '許志明', 'pzs985@test.com', '1989-04-01', '0934405124', '花蓮縣玉里鎮民生路1段123號', '2023-09-04 21:03:17', '2023-09-13 21:03:17', '2968-1368-5727-9056', 1),
(35, 'ewj443', '89791', '034.jpg', '陳惠玲', 'ewj443@test.com', '1994-07-16', '0945943980', '台東縣成功鎮中山路2段333號', '2023-03-02 06:32:30', '2023-03-13 06:32:30', '1277-9107-2750-2424', 1),
(36, 'std257', '82428', '035.jpg', '賴政宏', 'std257@test.com', '1980-10-09', '0913059490', '澎湖縣望安鄉中正路456號', '2023-08-30 22:38:56', '2023-09-11 22:38:56', '4892-1100-5363-1688', 1),
(37, 'jgu683', '33027', '036.jpg', '陳家瑜', 'jgu683@test.com', '1992-01-22', '0921055746', '台南市安南區建國北路1段111號', '2023-07-10 01:22:29', '2023-07-18 01:22:29', '6900-4702-5135-3117', 1),
(38, 'vcx238', '35200', '037.jpg', '林宗翰', 'vcx238@test.com', '2000-05-04', '0997596801', '高雄市岡山區中山路456號6號之2', '2023-06-06 03:41:25', '2023-06-18 03:41:25', '4340-3427-5170-1385', 1),
(39, 'xky160', '79951', '038.jpg', '蔡靜怡', 'xky160@test.com', '1981-08-26', '0954265323', '台中市北區忠明南路2段456號', '2023-01-24 10:42:12', '2023-02-05 10:42:12', '2026-4677-8572-1625', 1),
(40, 'bif105', '24823', '039.jpg', '黃俊彥', 'bif105@test.com', '1985-12-03', '0940629097', '台北市松山區南京東路3段123號', '2023-06-04 14:01:45', '2023-06-13 14:01:45', '9350-8114-1828-5067', 1),
(41, 'sinhabi', '12345', '040.png', '溫浩雲', 'sinhasbi123@gmail.com', '2010-06-09', '0952458547', '台北市中正區同安街', '2024-01-29 15:26:02', '0000-00-00 00:00:00', '4157845774588545', 0),
(42, 'joe', '12345', '041.png', 'Chin Shun Wen', 'hasbi@faedqa', '2024-01-01', '988922049', '1F., No. 2, Aly. 6, Ln. 43, Tong’an', '2024-01-30 15:56:29', '0000-00-00 00:00:00', '0214854777841548', 1),
(43, 'hasbi', '12345', '000.jpg', '溫浩雲', 'sinhasbi123@gmail.com', '2000-03-08', '0905371512', '台北市中正區同安街', '2024-01-31 14:17:16', '0000-00-00 00:00:00', '0214854777841548', 0),
(44, 'ffffff', '12314', '1706843750.png', 'frfrfrf', 'asdasd@asd', '2024-01-30', '988922049', '1F., No. 2, Aly. 6, Ln. 43, Tong’an', '2024-02-02 11:15:50', '0000-00-00 00:00:00', '0214854777841548', 0),
(45, 'Howard', '12345', '999.jpg', 'Chin Shun Wen', 'mark0988922049@gmail.com', '2024-02-13', '988922049', '1F., No. 2, Aly. 6, Ln. 43, Tong’an', '2024-02-05 15:57:33', '0000-00-00 00:00:00', '0214854777841548', 0),
(46, 'JJJ', '12345', '1707192360.png', 'Chin Shun', 'hasbi', '2024-02-11', '988922049', '1F., No. 2, Aly. 6, Ln. 43, Tong’an', '2024-02-06 12:05:23', '0000-00-00 00:00:00', '0214854777841548', 0),
(47, '1223', '12345', '1707203172.png', 'Chin Shun', 'hasbi@gmial', '2020-06-09', '988922049', '1F., No. 2, Aly. 6, Ln. 43, Tong’an', '2024-02-06 15:05:56', '0000-00-00 00:00:00', '0214854777841548', 1);

--
-- 已傾印資料表的索引
--

--
-- 資料表索引 `article`
--
ALTER TABLE `article`
  ADD PRIMARY KEY (`id`);

--
-- 資料表索引 `article_category`
--
ALTER TABLE `article_category`
  ADD PRIMARY KEY (`id`);

--
-- 資料表索引 `article_img`
--
ALTER TABLE `article_img`
  ADD PRIMARY KEY (`id`);

--
-- 資料表索引 `coupon`
--
ALTER TABLE `coupon`
  ADD PRIMARY KEY (`id`);

--
-- 資料表索引 `lecture`
--
ALTER TABLE `lecture`
  ADD PRIMARY KEY (`id`);

--
-- 資料表索引 `lecture_location`
--
ALTER TABLE `lecture_location`
  ADD PRIMARY KEY (`id`);

--
-- 資料表索引 `order`
--
ALTER TABLE `order`
  ADD PRIMARY KEY (`id`);

--
-- 資料表索引 `order_products`
--
ALTER TABLE `order_products`
  ADD PRIMARY KEY (`id`);

--
-- 資料表索引 `order_status`
--
ALTER TABLE `order_status`
  ADD PRIMARY KEY (`id`);

--
-- 資料表索引 `primary_category`
--
ALTER TABLE `primary_category`
  ADD PRIMARY KEY (`id`);

--
-- 資料表索引 `product`
--
ALTER TABLE `product`
  ADD PRIMARY KEY (`id`);

--
-- 資料表索引 `product_img`
--
ALTER TABLE `product_img`
  ADD PRIMARY KEY (`id`);

--
-- 資料表索引 `secondary_category`
--
ALTER TABLE `secondary_category`
  ADD PRIMARY KEY (`id`);

--
-- 資料表索引 `teacher`
--
ALTER TABLE `teacher`
  ADD PRIMARY KEY (`id`);

--
-- 資料表索引 `user`
--
ALTER TABLE `user`
  ADD PRIMARY KEY (`id`);

--
-- 在傾印的資料表使用自動遞增(AUTO_INCREMENT)
--

--
-- 使用資料表自動遞增(AUTO_INCREMENT) `article`
--
ALTER TABLE `article`
  MODIFY `id` int(6) UNSIGNED NOT NULL AUTO_INCREMENT, AUTO_INCREMENT=75;

--
-- 使用資料表自動遞增(AUTO_INCREMENT) `article_category`
--
ALTER TABLE `article_category`
  MODIFY `id` int(6) UNSIGNED NOT NULL AUTO_INCREMENT, AUTO_INCREMENT=5;

--
-- 使用資料表自動遞增(AUTO_INCREMENT) `article_img`
--
ALTER TABLE `article_img`
  MODIFY `id` int(6) UNSIGNED NOT NULL AUTO_INCREMENT, AUTO_INCREMENT=38;

--
-- 使用資料表自動遞增(AUTO_INCREMENT) `coupon`
--
ALTER TABLE `coupon`
  MODIFY `id` int(6) UNSIGNED NOT NULL AUTO_INCREMENT, AUTO_INCREMENT=140;

--
-- 使用資料表自動遞增(AUTO_INCREMENT) `lecture`
--
ALTER TABLE `lecture`
  MODIFY `id` int(6) UNSIGNED NOT NULL AUTO_INCREMENT, AUTO_INCREMENT=24;

--
-- 使用資料表自動遞增(AUTO_INCREMENT) `lecture_location`
--
ALTER TABLE `lecture_location`
  MODIFY `id` int(10) UNSIGNED NOT NULL AUTO_INCREMENT, AUTO_INCREMENT=21;

--
-- 使用資料表自動遞增(AUTO_INCREMENT) `order`
--
ALTER TABLE `order`
  MODIFY `id` int(6) UNSIGNED NOT NULL AUTO_INCREMENT, AUTO_INCREMENT=4;

--
-- 使用資料表自動遞增(AUTO_INCREMENT) `order_products`
--
ALTER TABLE `order_products`
  MODIFY `id` int(10) UNSIGNED NOT NULL AUTO_INCREMENT, AUTO_INCREMENT=3;

--
-- 使用資料表自動遞增(AUTO_INCREMENT) `order_status`
--
ALTER TABLE `order_status`
  MODIFY `id` int(6) NOT NULL AUTO_INCREMENT, AUTO_INCREMENT=7;

--
-- 使用資料表自動遞增(AUTO_INCREMENT) `primary_category`
--
ALTER TABLE `primary_category`
  MODIFY `id` int(6) UNSIGNED NOT NULL AUTO_INCREMENT, AUTO_INCREMENT=14;

--
-- 使用資料表自動遞增(AUTO_INCREMENT) `product`
--
ALTER TABLE `product`
  MODIFY `id` int(6) UNSIGNED NOT NULL AUTO_INCREMENT, AUTO_INCREMENT=234;

--
-- 使用資料表自動遞增(AUTO_INCREMENT) `product_img`
--
ALTER TABLE `product_img`
  MODIFY `id` int(6) UNSIGNED NOT NULL AUTO_INCREMENT;

--
-- 使用資料表自動遞增(AUTO_INCREMENT) `secondary_category`
--
ALTER TABLE `secondary_category`
  MODIFY `id` int(6) UNSIGNED NOT NULL AUTO_INCREMENT, AUTO_INCREMENT=31;

--
-- 使用資料表自動遞增(AUTO_INCREMENT) `teacher`
--
ALTER TABLE `teacher`
  MODIFY `id` int(4) UNSIGNED NOT NULL AUTO_INCREMENT, AUTO_INCREMENT=46;

--
-- 使用資料表自動遞增(AUTO_INCREMENT) `user`
--
ALTER TABLE `user`
  MODIFY `id` int(6) UNSIGNED NOT NULL AUTO_INCREMENT, AUTO_INCREMENT=48;
COMMIT;

/*!40101 SET CHARACTER_SET_CLIENT=@OLD_CHARACTER_SET_CLIENT */;
/*!40101 SET CHARACTER_SET_RESULTS=@OLD_CHARACTER_SET_RESULTS */;
/*!40101 SET COLLATION_CONNECTION=@OLD_COLLATION_CONNECTION */;
